hex_id,score
88281c8e81fffff,1.0
88281c8ed5fffff,1.0
88281c8ec7fffff,1.0
88281c8e8bfffff,1.0
88281c8e89fffff,1.0
88281c8ec3fffff,1.0
88281c8e8dfffff,1.0
88281c175bfffff,1.0
88281c8db3fffff,1.0
88281c1665fffff,1.0
88281c1667fffff,1.0
88281c166dfffff,1.0
88281c1661fffff,1.0
88281c1759fffff,1.0
88281c85e9fffff,1.0
88281c851bfffff,1.0
88281c85c5fffff,1.0
88281c8517fffff,1.0
88281c8511fffff,1.0
88281c85cdfffff,1.0
88281c8513fffff,1.0
88281caac7fffff,1.0
88281caae1fffff,1.0
88281caac5fffff,1.0
88281caaebfffff,1.0
88281caae3fffff,1.0
88281caa8dfffff,1.0
88281caae9fffff,1.0
88281cb8cdfffff,1.0
88281cb8cbfffff,1.0
88281cbaa3fffff,1.0
88281cb8c9fffff,1.0
88281cbab5fffff,1.0
88281cbaa7fffff,1.0
88281cb8c1fffff,1.0
88281c1433fffff,1.0
88281c1431fffff,1.0
88281c143dfffff,1.0
88281c1439fffff,1.0
88281c143bfffff,1.0
88281c1437fffff,1.0
88281c1435fffff,1.0
88281c8c55fffff,1.0
88281c8c09fffff,1.0
88281c8c0bfffff,1.0
88281c8c57fffff,1.0
88281c8c43fffff,1.0
88281c8c5dfffff,1.0
88281c8c51fffff,1.0
88281cb9e7fffff,1.0
88281cb9a9fffff,1.0
88281cb9ebfffff,1.0
88281cb9e1fffff,1.0
88281cb9e3fffff,1.0
88281cb985fffff,1.0
88281cb98dfffff,1.0
88281cb065fffff,1.0
88281cb333fffff,1.0
88281cb33bfffff,1.0
88281cb317fffff,1.0
88281cb06dfffff,1.0
88281cb061fffff,1.0
88281cb069fffff,1.0
88281cb30dfffff,1.0
88281cb347fffff,1.0
88281cb309fffff,1.0
88281cb343fffff,1.0
88281cb36bfffff,1.0
88281cb345fffff,1.0
88281cb341fffff,0.75
88281cb1bdfffff,1.0
88281cb183fffff,1.0
88281cb181fffff,0.875
88281cb187fffff,1.0
88281cb185fffff,0.875
88281cb1b9fffff,1.0
88281cb1abfffff,1.0
88281caa69fffff,0.925
88281caa41fffff,1.0
88281caa6bfffff,1.0
88281caa45fffff,1.0
88281cb993fffff,1.0
88281caa4dfffff,1.0
88281caa47fffff,1.0
88281c8cc1fffff,1.0
88281c8cc9fffff,1.0
88281c8ccdfffff,1.0
88281c8ccbfffff,1.0
88281c8eb5fffff,1.0
88281c8ea7fffff,1.0
88281c8ea3fffff,1.0
88281cb229fffff,1.0
88281cb35bfffff,1.0
88281cb221fffff,1.0
88281cb267fffff,1.0
88281cb225fffff,1.0
88281cb22dfffff,1.0
88281cb353fffff,1.0
88281c15d3fffff,1.0
88281c1599fffff,1.0
88281c14a7fffff,1.0
88281c14adfffff,1.0
88281c14a5fffff,1.0
88281c159bfffff,0.8500000000000001
88281c14a1fffff,1.0
88281ca113fffff,1.0
88281ca1edfffff,1.0
88281ca1e9fffff,1.0
88281ca117fffff,1.0
88281ca1e1fffff,1.0
88281ca1ebfffff,1.0
88281ca1c5fffff,1.0
88281c16d9fffff,1.0
88281c16dbfffff,1.0
88281cb937fffff,1.0
88281c16d1fffff,1.0
88281cb933fffff,1.0
88281cb9e5fffff,1.0
88281c16ddfffff,1.0
88281cb1e9fffff,1.0
88281cb11bfffff,1.0
88281cb113fffff,1.0
88281cb1c5fffff,1.0
88281cb1cdfffff,1.0
88281cb111fffff,1.0
88281cb117fffff,1.0
88281ca30bfffff,1.0
88281ca315fffff,1.0
88281ca31dfffff,1.0
88281ca303fffff,1.0
88281ca301fffff,1.0
88281ca339fffff,1.0
88281ca307fffff,1.0
88281cbac7fffff,1.0
88281cba89fffff,1.0
88281cba8dfffff,1.0
88281cba81fffff,1.0
88281cbac3fffff,1.0
88281cbad5fffff,1.0
88281cba8bfffff,1.0
88281c85b9fffff,1.0
88281c85bdfffff,1.0
88281c8581fffff,1.0
88281c85abfffff,1.0
88281c8587fffff,1.0
88281c8583fffff,1.0
88281c8585fffff,1.0
88281cb823fffff,1.0
88281cb821fffff,1.0
88281cb83dfffff,1.0
88281cb827fffff,1.0
88281cb9c9fffff,1.0
88281cb82bfffff,1.0
88281cb835fffff,1.0
88281cb92bfffff,1.0
88281cb939fffff,1.0
88281cb923fffff,1.0
88281cb931fffff,1.0
88281cb907fffff,1.0
88281cb93dfffff,1.0
88281cb935fffff,1.0
88281cba53fffff,1.0
88281cba51fffff,1.0
88281cba55fffff,1.0
88281cba0bfffff,1.0
88281cba19fffff,1.0
88281cba1dfffff,1.0
88281cba57fffff,1.0
88281cb311fffff,1.0
88281cb339fffff,1.0
88281cb315fffff,1.0
88281cb303fffff,1.0
88281cb31dfffff,1.0
88281c819bfffff,1.0
88281c8e45fffff,1.0
88281c8193fffff,1.0
88281c8191fffff,1.0
88281c8e69fffff,1.0
88281c8e4dfffff,1.0
88281c8197fffff,1.0
88281ca063fffff,1.0
88281ca067fffff,1.0
88281ca02dfffff,1.0
88281ca029fffff,1.0
88281ca02bfffff,1.0
88281ca021fffff,1.0
88281ca005fffff,1.0
88281cb857fffff,1.0
88281cb843fffff,1.0
88281cb851fffff,1.0
88281cb809fffff,1.0
88281cb855fffff,1.0
88281cb85dfffff,1.0
88281cb80bfffff,1.0
88281c8c23fffff,1.0
88281c8c27fffff,1.0
88281c8c21fffff,1.0
88281c8c3dfffff,1.0
88281c8dc9fffff,1.0
88281c8c35fffff,1.0
88281c8c2bfffff,1.0
88281c85b1fffff,1.0
88281c8595fffff,1.0
88281c85bbfffff,1.0
88281caab1fffff,0.5
88281caabbfffff,0.7333333333333334
88281caabdfffff,0.8333333333333334
88281caa87fffff,1.0
88281caab9fffff,1.0
88281caa95fffff,1.0
88281caa83fffff,1.0
88281ca337fffff,1.0
88281ca14bfffff,1.0
88281ca335fffff,1.0
88281ca33dfffff,1.0
88281ca331fffff,1.0
88281ca323fffff,1.0
88281ca149fffff,1.0
88281ca147fffff,1.0
88281ca141fffff,1.0
88281ca143fffff,1.0
88281ca155fffff,1.0
88281ca15dfffff,1.0
88281ca109fffff,1.0
88281c163bfffff,1.0
88281c1637fffff,1.0
88281c16edfffff,1.0
88281c1631fffff,1.0
88281c1633fffff,1.0
88281c1459fffff,1.0
88281c16e5fffff,1.0
88281c8e57fffff,1.0
88281c8e51fffff,1.0
88281c8e1dfffff,1.0
88281c8e55fffff,1.0
88281c8e53fffff,1.0
88281c8e0bfffff,1.0
88281c8e19fffff,1.0
88281c8e3bfffff,1.0
88281c8e11fffff,1.0
88281c8e03fffff,1.0
88281c8e39fffff,1.0
88281c8e17fffff,1.0
88281c8e15fffff,1.0
88281c84e7fffff,1.0
88281c84edfffff,1.0
88281c84ebfffff,1.0
88281c84e3fffff,1.0
88281c84e5fffff,1.0
88281c84e9fffff,1.0
88281c84e1fffff,1.0
88281cb8bbfffff,1.0
88281cb893fffff,1.0
88281ca16dfffff,1.0
88281cb895fffff,1.0
88281cb891fffff,1.0
88281ca169fffff,1.0
88281cb897fffff,1.0
88281cb9b5fffff,1.0
88281cb9bbfffff,1.0
88281cb9bdfffff,1.0
88281cb9b7fffff,1.0
88281cb9b1fffff,1.0
88281cb9b9fffff,1.0
88281cb9b3fffff,1.0
88281c148bfffff,1.0
88281c1499fffff,1.0
88281c149dfffff,1.0
88281c14d3fffff,1.0
88281c14d5fffff,1.0
88281c14d7fffff,1.0
88281c14d1fffff,1.0
88281ca105fffff,1.0
88281ca103fffff,1.0
88281ca10bfffff,1.0
88281ca107fffff,1.0
88281ca101fffff,1.0
88281ca10dfffff,1.0
88281cb015fffff,1.0
88281cb0edfffff,0.9333333333333332
88281cb039fffff,1.0
88281cb017fffff,0.5666666666666667
88281cb03bfffff,1.0
88281cb033fffff,1.0
88281cb031fffff,1.0
88281cbaddfffff,1.0
88281cbac9fffff,1.0
88281cb137fffff,1.0
88281cbacbfffff,1.0
88281cbac1fffff,1.0
88281cb135fffff,1.0
88281cb15dfffff,1.0
88281cb10bfffff,1.0
88281cb151fffff,1.0
88281cb143fffff,1.0
88281cb155fffff,1.0
88281cb157fffff,1.0
88281cb109fffff,1.0
88281caacdfffff,1.0
88281caa13fffff,1.0
88281caa17fffff,1.0
88281caa1bfffff,1.0
88281caa11fffff,1.0
88281ca95dfffff,0.9
88281cab37fffff,1.0
88281ca959fffff,1.0
88281ca94bfffff,1.0
88281ca943fffff,1.0
88281ca955fffff,0.6
88281ca951fffff,0.8500000000000001
88281c8c93fffff,1.0
88281cb96dfffff,1.0
88281c8cbbfffff,1.0
88281c8c91fffff,1.0
88281c8c97fffff,1.0
88281cb969fffff,1.0
88281c8c95fffff,1.0
88281cab67fffff,1.0
88281cab2dfffff,1.0
88281cab29fffff,1.0
88281cab25fffff,1.0
88281cab21fffff,1.0
88281c14dbfffff,1.0
88281c8db9fffff,1.0
88281c8db7fffff,1.0
88281c8db5fffff,1.0
88281c8db1fffff,1.0
88281c8dbdfffff,1.0
88281c8dbbfffff,1.0
88281ca855fffff,1.0
88281ca809fffff,1.0
88281ca85dfffff,1.0
88281ca841fffff,1.0
88281ca847fffff,1.0
88281ca84bfffff,1.0
88281ca843fffff,1.0
88281c1589fffff,1.0
88281c158dfffff,1.0
88281c15e3fffff,1.0
88281c1585fffff,1.0
88281c1581fffff,1.0
88281c15ebfffff,1.0
88281c15c7fffff,1.0
88281cb1bbfffff,1.0
88281cb1b1fffff,1.0
88281cb195fffff,1.0
88281ca1b1fffff,1.0
88281ca1b5fffff,1.0
88281caf5dfffff,0.75
88281ca1b3fffff,1.0
88281caf4bfffff,1.0
88281caf59fffff,0.6666666666666666
88281ca1b7fffff,1.0
88281c843bfffff,1.0
88281c8417fffff,1.0
88281c8433fffff,1.0
88281c8415fffff,1.0
88281c8431fffff,1.0
88281c8439fffff,1.0
88281c14c9fffff,1.0
88281c14cdfffff,1.0
88281c16a7fffff,1.0
88281c16a5fffff,1.0
88281c16a1fffff,1.0
88281c16a3fffff,1.0
88281c141bfffff,1.0
88281c8eddfffff,1.0
88281c8ecbfffff,1.0
88281c8ec9fffff,1.0
88281c8ec1fffff,1.0
88281c8537fffff,1.0
88281c8535fffff,1.0
88281c8509fffff,1.0
88281c8551fffff,1.0
88281c855dfffff,1.0
88281c8555fffff,1.0
88281c8543fffff,1.0
88281c8557fffff,1.0
88281c850bfffff,1.0
88281cba15fffff,1.0
88281cba3bfffff,1.0
88281cba03fffff,1.0
88281cba17fffff,1.0
88281cba11fffff,1.0
88281cba39fffff,1.0
88281cb90bfffff,1.0
88281cb955fffff,1.0
88281cb903fffff,1.0
88281cb957fffff,1.0
88281cb901fffff,1.0
88281cb91dfffff,1.0
88281cb909fffff,1.0
88281cba2dfffff,1.0
88281cba21fffff,1.0
88281cbb1bfffff,1.0
88281cba25fffff,1.0
88281cbb53fffff,1.0
88281cba27fffff,1.0
88281cbb19fffff,1.0
88281cb023fffff,1.0
88281cb035fffff,1.0
88281cb1c1fffff,1.0
88281cb027fffff,1.0
88281cb1cbfffff,1.0
88281cb1c9fffff,1.0
88281ca819fffff,1.0
88281caaa5fffff,0.8333333333333334
88281ca857fffff,1.0
88281caaadfffff,1.0
88281ca85bfffff,1.0
88281ca853fffff,1.0
88281ca851fffff,1.0
88281caaabfffff,1.0
88281caa85fffff,1.0
88281caa81fffff,1.0
88281ca11bfffff,1.0
88281ca111fffff,1.0
88281ca115fffff,1.0
88281ca119fffff,1.0
88281ca11dfffff,1.0
88281c14e1fffff,1.0
88281c14e5fffff,1.0
88281c14a9fffff,1.0
88281c14e3fffff,1.0
88281c14e7fffff,1.0
88281c15dbfffff,1.0
88281c1609fffff,1.0
88281c1607fffff,1.0
88281c160bfffff,1.0
88281c1601fffff,1.0
88281c1603fffff,1.0
88281c160dfffff,1.0
88281c1605fffff,1.0
88281c8e21fffff,1.0
88281c8e25fffff,1.0
88281c8e27fffff,1.0
88281c8f19fffff,1.0
88281c8e2dfffff,1.0
88281c8f1bfffff,1.0
88281c8f53fffff,1.0
88281ca22bfffff,1.0
88281ca221fffff,1.0
88281ca223fffff,1.0
88281ca205fffff,0.75
88281ca229fffff,0.75
88281ca207fffff,0.25
88281ca23dfffff,0.5
88281ca369fffff,1.0
88281ca341fffff,1.0
88281ca36bfffff,1.0
88281ca34dfffff,1.0
88281ca345fffff,1.0
88281cba93fffff,1.0
88281ca347fffff,1.0
88281c1695fffff,1.0
88281c16bbfffff,1.0
88281cab69fffff,1.0
88281c1693fffff,1.0
88281cab6dfffff,1.0
88281c1697fffff,1.0
88281c1691fffff,1.0
88281c8e97fffff,1.0
88281c8e95fffff,1.0
88281cbb6dfffff,1.0
88281c8ebbfffff,1.0
88281c8eb9fffff,1.0
88281c8eb1fffff,1.0
88281c8eb3fffff,1.0
88281c8429fffff,1.0
88281c8421fffff,1.0
88281c842bfffff,1.0
88281c8405fffff,1.0
88281c843dfffff,1.0
88281c8423fffff,1.0
88281c8407fffff,1.0
88281c1625fffff,1.0
88281c1713fffff,1.0
88281c171bfffff,1.0
88281c144dfffff,1.0
88281c1711fffff,1.0
88281c1719fffff,1.0
88281c1627fffff,1.0
88281caf49fffff,1.0
88281ca1a3fffff,1.0
88281ca1a5fffff,1.0
88281caf4dfffff,0.9
88281caa9bfffff,1.0
88281ca1a7fffff,1.0
88281ca1a1fffff,1.0
88281c8427fffff,1.0
88281c85cbfffff,1.0
88281c8435fffff,1.0
88281c85c9fffff,1.0
88281c85c1fffff,1.0
88281cab15fffff,1.0
88281cab19fffff,1.0
88281cab1dfffff,1.0
88281cab57fffff,1.0
88281cab0bfffff,1.0
88281cab03fffff,1.0
88281cab11fffff,1.0
88281cb95bfffff,1.0
88281cb865fffff,1.0
88281cb867fffff,1.0
88281cb86dfffff,1.0
88281cb861fffff,1.0
88281cb959fffff,1.0
88281cbb33fffff,1.0
88281c1463fffff,1.0
88281c1467fffff,1.0
88281c1461fffff,1.0
88281c140dfffff,1.0
88281c146bfffff,1.0
88281c1429fffff,1.0
88281c1405fffff,1.0
88281c8c83fffff,1.0
88281c8cbdfffff,1.0
88281c8c81fffff,1.0
88281c8c85fffff,1.0
88281c8cabfffff,1.0
88281c8cb9fffff,1.0
88281c8c87fffff,1.0
88281caa01fffff,1.0
88281caa1dfffff,1.0
88281caa03fffff,1.0
88281caa0bfffff,1.0
88281caa39fffff,1.0
88281caa07fffff,1.0
88281caa15fffff,1.0
88281cb055fffff,1.0
88281cb043fffff,1.0
88281cb047fffff,1.0
88281cb00dfffff,1.0
88281cb001fffff,1.0
88281cb00bfffff,1.0
88281cb009fffff,1.0
88281cb1a5fffff,1.0
88281cba91fffff,1.0
88281cba99fffff,1.0
88281cba9bfffff,1.0
88281cbad3fffff,1.0
88281cbad7fffff,1.0
88281cba9dfffff,1.0
88281cb127fffff,1.0
88281cb13dfffff,1.0
88281cb12bfffff,1.0
88281cb123fffff,1.0
88281cb121fffff,1.0
88281cb22bfffff,1.0
88281cb23dfffff,1.0
88281cb239fffff,0.5
88281cb223fffff,1.0
88281cb231fffff,0.75
88281cb207fffff,1.0
88281cb235fffff,1.0
88281cb357fffff,1.0
88281cb351fffff,1.0
88281cb30bfffff,1.0
88281cb319fffff,1.0
88281cb355fffff,1.0
88281c1441fffff,1.0
88281c1447fffff,1.0
88281c1443fffff,1.0
88281c1445fffff,1.0
88281c144bfffff,1.0
88281c1449fffff,1.0
88281ca06bfffff,1.0
88281ca00dfffff,1.0
88281ca047fffff,1.0
88281ca061fffff,1.0
88281ca045fffff,1.0
88281ca069fffff,1.0
88281ca185fffff,1.0
88281ca18dfffff,1.0
88281ca181fffff,1.0
88281ca187fffff,1.0
88281ca1abfffff,1.0
88281ca1e3fffff,1.0
88281ca1a9fffff,1.0
88281c8e9bfffff,1.0
88281c85a5fffff,1.0
88281c8ed7fffff,1.0
88281c8ed3fffff,1.0
88281c8e91fffff,1.0
88281c8e9dfffff,1.0
88281c8e99fffff,1.0
88281cb16bfffff,1.0
88281cb147fffff,1.0
88281c8493fffff,1.0
88281cb141fffff,1.0
88281cb145fffff,1.0
88281cb14dfffff,1.0
88281cb169fffff,1.0
88281c8521fffff,1.0
88281c852bfffff,1.0
88281c853dfffff,1.0
88281c8523fffff,1.0
88281c8527fffff,1.0
88281cbabbfffff,1.0
88281ca36dfffff,1.0
88281cba97fffff,1.0
88281cbab3fffff,1.0
88281cba95fffff,1.0
88281cbab1fffff,1.0
88281cbab9fffff,1.0
88281cb8dbfffff,1.0
88281cb8d1fffff,1.0
88281cb8d9fffff,1.0
88281cb8ddfffff,1.0
88281ca365fffff,1.0
88281cbab7fffff,1.0
88281cb03dfffff,1.0
88281cb005fffff,1.0
88281cb02bfffff,1.0
88281cb021fffff,1.0
88281cb029fffff,1.0
88281cb007fffff,1.0
88281cbb47fffff,1.0
88281cbb63fffff,1.0
88281cbb09fffff,1.0
88281cbb6bfffff,1.0
88281cbb01fffff,1.0
88281cbb05fffff,1.0
88281cbb0dfffff,1.0
88281cb9a5fffff,1.0
88281cb9a3fffff,1.0
88281cb9a7fffff,1.0
88281cb9abfffff,1.0
88281cb9adfffff,1.0
88281cb9a1fffff,1.0
88281cb191fffff,0.875
88281cb197fffff,0.875
88281ca26dfffff,1.0
88281cb193fffff,0.75
88281ca269fffff,0.875
88281caa57fffff,1.0
88281caa09fffff,1.0
88281caa55fffff,1.0
88281caa43fffff,1.0
88281caa5dfffff,1.0
88281caa51fffff,1.0
88281c8cd1fffff,1.0
88281cbb65fffff,1.0
88281c8cdbfffff,1.0
88281c8eb7fffff,1.0
88281c8cddfffff,1.0
88281c8cd9fffff,1.0
88281cb8bdfffff,1.0
88281cb881fffff,1.0
88281cb887fffff,1.0
88281cb883fffff,1.0
88281cb8abfffff,1.0
88281cb8b9fffff,1.0
88281cb885fffff,1.0
88281c1613fffff,1.0
88281c16e9fffff,1.0
88281c16c5fffff,1.0
88281c1617fffff,1.0
88281c16ebfffff,1.0
88281c16e1fffff,1.0
88281c85e3fffff,1.0
88281c85ebfffff,1.0
88281c858dfffff,1.0
88281c85e1fffff,1.0
88281c85c7fffff,1.0
88281ca311fffff,1.0
88281ca317fffff,1.0
88281ca04dfffff,1.0
88281ca31bfffff,1.0
88281ca313fffff,1.0
88281ca367fffff,1.0
88281ca32dfffff,1.0
88281ca361fffff,1.0
88281ca329fffff,1.0
88281ca363fffff,1.0
88281c8591fffff,1.0
88281cba6dfffff,1.0
88281c8597fffff,1.0
88281c8593fffff,1.0
88281cba69fffff,1.0
88281c84ddfffff,1.0
88281c84d5fffff,1.0
88281c84d7fffff,1.0
88281c84d1fffff,1.0
88281c84d9fffff,1.0
88281c84dbfffff,1.0
88281c84d3fffff,1.0
88281cb9d9fffff,1.0
88281cb8e5fffff,1.0
88281cb831fffff,1.0
88281cb837fffff,1.0
88281cb83bfffff,1.0
88281cb833fffff,1.0
88281cb8edfffff,1.0
88281c8e0dfffff,1.0
88281c8e09fffff,1.0
88281c8e43fffff,1.0
88281c8e47fffff,1.0
88281c8e6bfffff,1.0
88281c8e41fffff,1.0
88281c162bfffff,1.0
88281c1623fffff,1.0
88281c1621fffff,1.0
88281c1635fffff,1.0
88281c163dfffff,1.0
88281c86bbfffff,1.0
88281c86b1fffff,1.0
88281c86b3fffff,1.0
88281c86b5fffff,1.0
88281c86bdfffff,0.75
88281c86b9fffff,0.5
88281c86b7fffff,1.0
88281cb94dfffff,1.0
88281cb941fffff,1.0
88281c8c9bfffff,1.0
88281cbb27fffff,1.0
88281cb949fffff,1.0
88281cb945fffff,1.0
88281ca137fffff,1.0
88281ca133fffff,1.0
88281ca131fffff,1.0
88281ca13bfffff,1.0
88281caad9fffff,1.0
88281ca1e5fffff,1.0
88281cba63fffff,1.0
88281cba61fffff,1.0
88281cbb5bfffff,1.0
88281cba29fffff,1.0
88281cba67fffff,1.0
88281cba65fffff,1.0
88281caaa1fffff,1.0
88281caae7fffff,1.0
88281caaa9fffff,1.0
88281c849bfffff,1.0
88281cb321fffff,1.0
88281cb32dfffff,1.0
88281cb325fffff,1.0
88281cb327fffff,1.0
88281c8499fffff,1.0
88281c8c11fffff,1.0
88281c8ce9fffff,1.0
88281c8c13fffff,1.0
88281c8c1bfffff,1.0
88281c8cc5fffff,1.0
88281c8c17fffff,1.0
88281c8ce5fffff,1.0
88281c8dd9fffff,1.0
88281c8c37fffff,1.0
88281c8cedfffff,1.0
88281c8c31fffff,1.0
88281c8c3bfffff,1.0
88281c8c33fffff,1.0
88281c8183fffff,1.0
88281c819dfffff,1.0
88281c8195fffff,1.0
88281c8187fffff,0.4
88281c8181fffff,0.4
88281c818bfffff,0.8
88281c81b9fffff,1.0
88281ca031fffff,1.0
88281ca03bfffff,0.75
88281ca007fffff,1.0
88281ca03dfffff,1.0
88281ca015fffff,0.5
88281ca039fffff,1.0
88281ca003fffff,1.0
88281cb32bfffff,1.0
88281cb363fffff,1.0
88281cb329fffff,1.0
88281cb301fffff,1.0
88281cb305fffff,1.0
88281cb307fffff,1.0
88281caac9fffff,1.0
88281ca135fffff,1.0
88281ca127fffff,1.0
88281ca123fffff,1.0
88281caacbfffff,1.0
88281caac1fffff,1.0
88281ca151fffff,1.0
88281ca153fffff,1.0
88281ca15bfffff,1.0
88281ca025fffff,1.0
88281ca157fffff,1.0
88281c1655fffff,1.0
88281c1643fffff,1.0
88281c1647fffff,1.0
88281c165dfffff,1.0
88281c164bfffff,1.0
88281c1641fffff,1.0
88281cb1e3fffff,0.875
88281cb1ebfffff,1.0
88281cb18dfffff,0.875
88281cb1c7fffff,1.0
88281cb1e1fffff,1.0
88281c8f5bfffff,1.0
88281c8e63fffff,1.0
88281c8e29fffff,1.0
88281c8e61fffff,1.0
88281c8e67fffff,1.0
88281c8e65fffff,1.0
88281cbb67fffff,1.0
88281cbb69fffff,1.0
88281cbb61fffff,1.0
88281ca265fffff,0.875
88281cb1b3fffff,1.0
88281ca261fffff,0.875
88281c1755fffff,1.0
88281c1743fffff,0.75
88281c174bfffff,1.0
88281c175dfffff,1.0
88281c1751fffff,1.0
88281cb8a5fffff,1.0
88281caa49fffff,1.0
88281cb99bfffff,1.0
88281cb8a1fffff,1.0
88281cb8a3fffff,1.0
88281cb8a7fffff,1.0
88281cba47fffff,1.0
88281cba0dfffff,1.0
88281cba6bfffff,1.0
88281cba45fffff,1.0
88281cba09fffff,1.0
88281cba43fffff,1.0
88281cba41fffff,1.0
88281cb9c5fffff,1.0
88281cb9c7fffff,1.0
88281cb9cbfffff,1.0
88281cb9c1fffff,1.0
88281cb9cdfffff,1.0
88281cb9c3fffff,1.0
88281cb041fffff,1.0
88281cb05dfffff,1.0
88281cb04bfffff,1.0
88281cb237fffff,1.0
88281cb049fffff,1.0
88281cb1e7fffff,1.0
88281cb1e5fffff,1.0
88281cbad9fffff,1.0
88281cbad1fffff,1.0
88281cbadbfffff,1.0
88281cb1adfffff,1.0
88281c165bfffff,1.0
88281cb92dfffff,1.0
88281cb925fffff,1.0
88281cb929fffff,1.0
88281cb921fffff,1.0
88281cb967fffff,1.0
88281c1653fffff,1.0
88281c84b3fffff,1.0
88281cba5bfffff,1.0
88281cb161fffff,1.0
88281cb165fffff,1.0
88281cb167fffff,1.0
88281cb16dfffff,1.0
88281cba59fffff,1.0
88281ca849fffff,1.0
88281caa2bfffff,1.0
88281caa35fffff,1.0
88281caa27fffff,1.0
88281caa3dfffff,1.0
88281caa23fffff,1.0
88281caa21fffff,1.0
88281c164dfffff,1.0
88281c1649fffff,1.0
88281c8ca7fffff,1.0
88281c8d9bfffff,1.0
88281c8ca1fffff,1.0
88281c8ca5fffff,1.0
88281c8ca3fffff,1.0
88281cb811fffff,1.0
88281cb81bfffff,1.0
88281cb817fffff,1.0
88281cb813fffff,1.0
88281cb8e9fffff,1.0
88281cb8c5fffff,1.0
88281c14b9fffff,1.0
88281c1487fffff,1.0
88281c1481fffff,1.0
88281c1483fffff,1.0
88281c1495fffff,1.0
88281cab35fffff,1.0
88281cab07fffff,1.0
88281cab31fffff,1.0
88281cab39fffff,1.0
88281cab23fffff,1.0
88281cab3dfffff,1.0
88281cab2bfffff,1.0
88281ca1c3fffff,1.0
88281ca1c7fffff,0.875
88281ca189fffff,1.0
88281ca1c1fffff,0.875
88281c8ee1fffff,1.0
88281c8e33fffff,1.0
88281c8ee9fffff,1.0
88281c8ee5fffff,1.0
88281c8eedfffff,1.0
88281c16c1fffff,1.0
88281c16cdfffff,1.0
88281cb927fffff,1.0
88281c16cbfffff,1.0
88281c16c9fffff,1.0
88281c8dc1fffff,1.0
88281c8dc7fffff,1.0
88281c8dc3fffff,1.0
88281c8dcbfffff,1.0
88281c8dcdfffff,0.7666666666666666
88281c8dc5fffff,0.7666666666666666
88281c85e5fffff,1.0
88281c8ed1fffff,1.0
88281c85e7fffff,1.0
88281c85adfffff,1.0
88281c8ed9fffff,1.0
88281c8edbfffff,1.0
88281ca1d9fffff,1.0
88281ca0e5fffff,0.5
88281ca1ddfffff,1.0
88281ca037fffff,1.0
88281ca1dbfffff,0.5
88281ca1d1fffff,0.8333333333333334
88281ca033fffff,1.0
88281c8cadfffff,1.0
88281c8dd7fffff,1.0
88281c8ddbfffff,1.0
88281c8dd3fffff,1.0
88281c8d99fffff,1.0
88281c8dd1fffff,1.0
88281c14d9fffff,1.0
88281c14cbfffff,1.0
88281c16b5fffff,1.0
88281c16b3fffff,1.0
88281c16b1fffff,1.0
88281c14ddfffff,1.0
88281c16b7fffff,1.0
88281c8561fffff,1.0
88281c8565fffff,1.0
88281c8e5bfffff,1.0
88281c80b3fffff,1.0
88281c856dfffff,1.0
88281c8e59fffff,1.0
88281c8567fffff,1.0
88281c1497fffff,1.0
88281c1491fffff,1.0
88281c14bbfffff,1.0
88281c8cb1fffff,1.0
88281caa31fffff,1.0
88281caa37fffff,1.0
88281cb805fffff,1.0
88281cb80dfffff,1.0
88281cb807fffff,1.0
88281cb801fffff,1.0
88281cb803fffff,1.0
88281cb911fffff,1.0
88281cb91bfffff,1.0
88281cb913fffff,1.0
88281cb825fffff,1.0
88281cb919fffff,1.0
88281cba23fffff,1.0
88281cba3dfffff,1.0
88281cb84bfffff,1.0
88281cba35fffff,1.0
88281cb849fffff,1.0
88281cba31fffff,1.0
88281cba37fffff,1.0
88281cb1dbfffff,1.0
88281cb1d1fffff,1.0
88281cb037fffff,1.0
88281cb1ddfffff,1.0
88281cb0e5fffff,1.0
88281cb1d9fffff,1.0
88281ca805fffff,0.5333333333333333
88281ca863fffff,0.9333333333333335
88281ca829fffff,0.4666666666666666
88281ca80dfffff,1.0
88281ca861fffff,1.0
88281ca86bfffff,1.0
88281ca867fffff,0.8666666666666668
88281c8c03fffff,1.0
88281c8c05fffff,1.0
88281c8c0dfffff,1.0
88281c8c01fffff,1.0
88281c8c07fffff,1.0
88281ca001fffff,1.0
88281ca803fffff,0.3333333333333333
88281ca80bfffff,0.8333333333333334
88281ca807fffff,0.16666666666666666
88281ca801fffff,0.6666666666666666
88281caf69fffff,0.5
88281caa93fffff,0.775
88281caa97fffff,0.9666666666666667
88281caa91fffff,1.0
88281caf6dfffff,0.3333333333333333
88281ca12dfffff,1.0
88281ca129fffff,1.0
88281ca12bfffff,1.0
88281ca121fffff,1.0
88281ca125fffff,1.0
88281c161bfffff,1.0
88281c1619fffff,1.0
88281c1615fffff,1.0
88281c1611fffff,1.0
88281c161dfffff,1.0
88281cbaedfffff,1.0
88281cbae5fffff,1.0
88281cbae9fffff,1.0
88281cba33fffff,1.0
88281cbae1fffff,1.0
88281c8e37fffff,1.0
88281c8e31fffff,1.0
88281c8e35fffff,1.0
88281c8c49fffff,1.0
88281c8e23fffff,1.0
88281c8e3dfffff,1.0
88281c8c4bfffff,1.0
88281cb059fffff,0.5
88281cb051fffff,0.75
88281ca351fffff,1.0
88281ca35dfffff,1.0
88281ca343fffff,1.0
88281ca355fffff,1.0
88281ca309fffff,1.0
88281ca357fffff,1.0
88281cb9d3fffff,1.0
88281cb999fffff,1.0
88281cb9d1fffff,1.0
88281cb9d7fffff,1.0
88281cb9dbfffff,1.0
88281cb8adfffff,1.0
88281c85d9fffff,1.0
88281c85d1fffff,1.0
88281c85dbfffff,1.0
88281c85ddfffff,1.0
88281c8437fffff,1.0
88281cbaabfffff,1.0
88281cbaa1fffff,1.0
88281cbaa9fffff,1.0
88281cbaadfffff,1.0
88281cba85fffff,1.0
88281cbae7fffff,1.0
88281cbae3fffff,1.0
88281cb13bfffff,1.0
88281cb131fffff,1.0
88281cb1edfffff,1.0
88281cb133fffff,1.0
88281cb8b1fffff,1.0
88281cb367fffff,1.0
88281cb361fffff,1.0
88281cb365fffff,1.0
88281c145bfffff,1.0
88281c1455fffff,1.0
88281c1453fffff,1.0
88281c1457fffff,1.0
88281c145dfffff,1.0
88281c1451fffff,1.0
88281cab01fffff,1.0
88281cab55fffff,1.0
88281cab09fffff,1.0
88281ca195fffff,1.0
88281ca183fffff,1.0
88281ca191fffff,1.0
88281ca197fffff,1.0
88281ca1bbfffff,1.0
88281ca1b9fffff,1.0
88281ca19dfffff,1.0
88281c16abfffff,1.0
88281c16e3fffff,1.0
88281c1681fffff,1.0
88281c1685fffff,1.0
88281c16a9fffff,1.0
88281c168dfffff,1.0
88281c1687fffff,1.0
88281c8507fffff,1.0
88281c8501fffff,1.0
88281c851dfffff,1.0
88281c8515fffff,1.0
88281c8503fffff,1.0
88281c8539fffff,1.0
88281c8eabfffff,1.0
88281c8ee3fffff,1.0
88281c8ea1fffff,1.0
88281c8eadfffff,1.0
88281c8ea9fffff,1.0
88281c8e85fffff,1.0
88281c8ee7fffff,1.0
88281c1657fffff,1.0
88281c1651fffff,1.0
88281c8533fffff,1.0
88281c853bfffff,1.0
88281c8531fffff,1.0
88281c85edfffff,1.0
88281cb8e1fffff,1.0
88281cb8ebfffff,1.0
88281cba01fffff,1.0
88281cba07fffff,1.0
88281ca161fffff,1.0
88281ca165fffff,1.0
88281ca167fffff,1.0
88281caa59fffff,1.0
88281caa5bfffff,1.0
88281cb8b3fffff,1.0
88281cbb03fffff,1.0
88281cbb1dfffff,1.0
88281cbb0bfffff,1.0
88281cbb11fffff,1.0
88281cbb57fffff,1.0
88281cbb15fffff,1.0
88281ca1adfffff,1.0
88281caad1fffff,1.0
88281caadbfffff,1.0
88281caad3fffff,1.0
88281ca1e7fffff,1.0
88281cb1a3fffff,1.0
88281cb1a7fffff,1.0
88281ca349fffff,1.0
88281cb1a1fffff,1.0
88281ca235fffff,0.75
88281ca041fffff,1.0
88281ca043fffff,1.0
88281ca049fffff,1.0
88281ca04bfffff,1.0
88281ca05dfffff,0.5
88281ca237fffff,0.25
88281c1421fffff,1.0
88281c1425fffff,1.0
88281c1427fffff,1.0
88281c142bfffff,1.0
88281c1423fffff,1.0
88281c142dfffff,1.0
88281c8c41fffff,1.0
88281c8c69fffff,1.0
88281c8c6bfffff,1.0
88281c8c45fffff,1.0
88281c8c47fffff,1.0
88281c8f13fffff,1.0
88281c8c4dfffff,1.0
88281ca949fffff,1.0
88281ca941fffff,1.0
88281cb159fffff,1.0
88281cb335fffff,1.0
88281cb14bfffff,1.0
88281cb337fffff,1.0
88281cb331fffff,1.0
88281caa67fffff,1.0
88281cab59fffff,1.0
88281caa6dfffff,1.0
88281cab5bfffff,1.0
88281caa61fffff,1.0
88281caa65fffff,1.0
88281c8ce1fffff,1.0
88281c8cebfffff,1.0
88281c14c1fffff,1.0
88281c14c7fffff,1.0
88281c14c5fffff,1.0
88281c14ebfffff,1.0
88281c1413fffff,1.0
88281c14e9fffff,1.0
88281c8e01fffff,1.0
88281c8e07fffff,1.0
88281c84c7fffff,1.0
88281c8489fffff,1.0
88281c8485fffff,1.0
88281c848dfffff,1.0
88281c8481fffff,1.0
88281ca321fffff,1.0
88281ca32bfffff,1.0
88281ca327fffff,1.0
88281c85a7fffff,1.0
88281cbb49fffff,1.0
88281c85a3fffff,1.0
88281cbb4dfffff,1.0
88281c85a1fffff,1.0
88281cb115fffff,1.0
88281cb107fffff,1.0
88281cb103fffff,1.0
88281cb139fffff,1.0
88281cb101fffff,1.0
88281cb11dfffff,1.0
88281cb841fffff,1.0
88281cb847fffff,1.0
88281cb951fffff,1.0
88281cb94bfffff,1.0
88281cb943fffff,1.0
88281cb95dfffff,1.0
88281cbb37fffff,1.0
88281cb10dfffff,1.0
88281cb105fffff,1.0
88281cb33dfffff,1.0
88281cb149fffff,1.0
88281cb323fffff,1.0
88281c8e6dfffff,1.0
88281c8f59fffff,1.0
88281c81b3fffff,1.0
88281c81b7fffff,0.8
88281c81bbfffff,1.0
88281c81b1fffff,0.8
88281ca227fffff,1.0
88281caaddfffff,1.0
88281ca163fffff,1.0
88281ca16bfffff,1.0
88281cb869fffff,1.0
88281cbb13fffff,1.0
88281cb84dfffff,1.0
88281cb845fffff,1.0
88281cb86bfffff,1.0
88281c85a9fffff,1.0
88281c8505fffff,1.0
88281c850dfffff,1.0
88281cb89bfffff,1.0
88281ca325fffff,1.0
88281cb899fffff,1.0
88281cb8d3fffff,1.0
88281cb8b7fffff,1.0
88281cb8b5fffff,1.0
88281caa4bfffff,1.0
88281caf45fffff,0.5666666666666667
88281caf43fffff,0.5
88281caf41fffff,0.7333333333333334
88281caf47fffff,0.25
88281cb9ddfffff,1.0
88281cb9d5fffff,1.0
88281c8e05fffff,1.0
88281c8e2bfffff,1.0
88281cbac5fffff,1.0
88281cbaebfffff,1.0
88281ca859fffff,1.0
88281caaedfffff,1.0
88281caa33fffff,1.0
88281caae5fffff,1.0
88281caa3bfffff,1.0
88281c1659fffff,1.0
88281c8cb5fffff,1.0
88281c8cb7fffff,1.0
88281c8cb3fffff,1.0
88281c148dfffff,1.0
88281c14c3fffff,1.0
88281c1489fffff,1.0
88281c8c8dfffff,1.0
88281c8ce3fffff,1.0
88281c8cc7fffff,1.0
88281caa63fffff,1.0
88281caa29fffff,1.0
88281caa2dfffff,1.0
88281c1493fffff,1.0
88281ca945fffff,1.0
88281ca969fffff,1.0
88281ca94dfffff,1.0
88281c149bfffff,1.0
88281cab41fffff,1.0
88281cab49fffff,1.0
88281c169bfffff,1.0
88281cab45fffff,1.0
88281cab4dfffff,1.0
88281c8dddfffff,1.0
88281c8dd5fffff,1.0
88281cab27fffff,1.0
88281ca1d5fffff,1.0
88281ca199fffff,1.0
88281ca18bfffff,1.0
88281ca1d3fffff,0.75
88281ca1d7fffff,1.0
88281c16c3fffff,1.0
88281c1689fffff,1.0
88281c16c7fffff,1.0
88281c8eebfffff,1.0
88281c8ec5fffff,1.0
88281cb815fffff,1.0
88281cb819fffff,1.0
88281cb81dfffff,1.0
88281cb905fffff,1.0
88281cb1a9fffff,1.0
88281cba4dfffff,1.0
88281c8c1dfffff,1.0
88281c8c19fffff,1.0
88281c8c15fffff,1.0
88281ca13dfffff,1.0
88281ca139fffff,1.0
88281cba2bfffff,1.0
88281cba05fffff,1.0
88281c162dfffff,1.0
88281c1629fffff,1.0
88281cb8c7fffff,1.0
88281cb8e3fffff,1.0
88281cb88dfffff,1.0
88281cb8a9fffff,1.0
88281cb063fffff,1.0
88281cb067fffff,1.0
88281cb02dfffff,1.0
88281cba87fffff,1.0
88281cba83fffff,1.0
88281cbabdfffff,1.0
88281caa05fffff,1.0
88281caa0dfffff,1.0
88281c8e87fffff,1.0
88281c8ebdfffff,1.0
88281c1683fffff,1.0
88281c16bdfffff,1.0
88281c16b9fffff,1.0
88281c8411fffff,1.0
88281c8419fffff,0.75
88281c84cdfffff,1.0
88281c86a5fffff,0.5
88281c841bfffff,1.0
88281c8413fffff,1.0
88281c86a7fffff,1.0
88281c8ca9fffff,1.0
88281cae69fffff,0.75
88281cae6dfffff,1.0
88281ca193fffff,0.5
88281c8d91fffff,1.0
88281c8d93fffff,1.0
88281c8d95fffff,1.0
88281c8d9dfffff,1.0
88281c8d97fffff,1.0
88281cab0dfffff,1.0
88281cab6bfffff,1.0
88281cab63fffff,1.0
88281cab05fffff,1.0
88281cab47fffff,1.0
88281c1469fffff,1.0
88281c146dfffff,1.0
88281c1465fffff,0.9666666666666668
88281c16adfffff,1.0
88281c1419fffff,1.0
88281cab1bfffff,1.0
88281cab13fffff,1.0
88281ca84dfffff,1.0
88281caa25fffff,1.0
88281caa99fffff,1.0
88281c8467fffff,0.7999999999999999
88281c8463fffff,0.5333333333333333
88281c842dfffff,1.0
88281c8697fffff,0.75
88281c8693fffff,0.5
88281cb369fffff,1.0
88281cb36dfffff,1.0
88281c8e83fffff,1.0
88281c169dfffff,1.0
88281c8547fffff,1.0
88281c854bfffff,0.4
88281c8541fffff,0.8
88281cbacdfffff,1.0
88281cba13fffff,1.0
88281cba1bfffff,1.0
88281cbb29fffff,1.0
88281c8cd3fffff,1.0
88281cbb2dfffff,1.0
88281cbb25fffff,1.0
88281cbb21fffff,1.0
88281cb1b7fffff,1.0
88281ca359fffff,1.0
88281ca34bfffff,1.0
88281cb1b5fffff,1.0
88281ca845fffff,1.0
88281c8e1bfffff,1.0
88281c8ecdfffff,1.0
88281c8e13fffff,1.0
88281c8483fffff,1.0
88281c848bfffff,1.0
88281c8495fffff,1.0
88281c8491fffff,1.0
88281c849dfffff,1.0
88281ca065fffff,1.0
88281ca06dfffff,1.0
88281ca33bfffff,1.0
88281ca333fffff,1.0
88281ca159fffff,1.0
88281cb99dfffff,1.0
88281cb995fffff,1.0
88281cb991fffff,1.0
88281cb997fffff,1.0
88281c85b5fffff,1.0
88281c85b7fffff,1.0
88281cbb59fffff,1.0
88281cbb4bfffff,1.0
88281cbb5dfffff,1.0
88281c85b3fffff,1.0
88281cb853fffff,1.0
88281cbaa5fffff,1.0
88281cb85bfffff,1.0
88281cb965fffff,1.0
88281cb961fffff,1.0
88281cb119fffff,1.0
88281c85d3fffff,1.0
88281c84adfffff,1.0
88281cb205fffff,1.0
88281ca319fffff,1.0
88281ca353fffff,1.0
88281cb34dfffff,0.25
88281c84c3fffff,1.0
88281c84c1fffff,1.0
88281c84cbfffff,1.0
88281c84c5fffff,1.0
88281c84c9fffff,1.0
88281c8c53fffff,1.0
88281c8ea5fffff,1.0
88281c8c5bfffff,1.0
88281c8c59fffff,1.0
88281c166bfffff,1.0
88281c1663fffff,1.0
88281caad7fffff,1.0
88281caa9dfffff,1.0
88281c8519fffff,1.0
88281ca055fffff,0.5
88281ca009fffff,1.0
88281ca00bfffff,0.75
88281c8c39fffff,1.0
88281cb889fffff,1.0
88281cb8c3fffff,1.0
88281cb9edfffff,1.0
88281cb9e9fffff,1.0
88281cb06bfffff,1.0
88281cb045fffff,1.0
88281ca865fffff,1.0
88281ca95bfffff,1.0
88281cab33fffff,1.0
88281ca86dfffff,1.0
88281cb1d3fffff,1.0
88281cb0adfffff,0.7333333333333334
88281cb0e7fffff,0.7000000000000001
88281c8c89fffff,1.0
88281c8cc3fffff,1.0
88281cbb55fffff,1.0
88281cbb51fffff,1.0
88281c0649fffff,0.6
88281c14bdfffff,1.0
88281c14a3fffff,1.0
88281c14abfffff,1.0
88281c14b5fffff,0.8500000000000001
88281cab5dfffff,1.0
88281cab43fffff,1.0
88281cab51fffff,1.0
88281cab4bfffff,1.0
88281cb859fffff,1.0
88281c16d3fffff,1.0
88281c16d7fffff,1.0
88281c168bfffff,1.0
88281c1699fffff,1.0
88281c16d5fffff,1.0
88281ca305fffff,1.0
88281ca30dfffff,1.0
88281cb915fffff,1.0
88281cb82dfffff,1.0
88281cb829fffff,1.0
88281cb917fffff,1.0
88281cb93bfffff,1.0
88281cba5dfffff,1.0
88281cb839fffff,1.0
88281cb313fffff,1.0
88281cb04dfffff,1.0
88281cb31bfffff,1.0
88281c8563fffff,1.0
88281c8529fffff,1.0
88281c852dfffff,1.0
88281c8199fffff,1.0
88281ca023fffff,1.0
88281ca1cdfffff,1.0
88281ca027fffff,1.0
88281ca1c9fffff,1.0
88281c8c25fffff,0.4666666666666666
88281c8c29fffff,1.0
88281c8c2dfffff,0.95
88281c8d89fffff,1.0
88281ca035fffff,1.0
88281ca1cbfffff,1.0
88281ca145fffff,1.0
88281ca14dfffff,1.0
88281c1639fffff,1.0
88281c1485fffff,1.0
88281c8ce7fffff,1.0
88281cab53fffff,1.0
88281c8e5dfffff,1.0
88281cb89dfffff,1.0
88281cb003fffff,1.0
88281cb153fffff,1.0
88281cb025fffff,1.0
88281cb15bfffff,1.0
88281caa19fffff,1.0
88281c8c9dfffff,1.0
88281ca1bdfffff,1.0
88281cb12dfffff,1.0
88281cb163fffff,1.0
88281cb129fffff,1.0
88281c159dfffff,1.0
88281c15d7fffff,1.0
88281c1583fffff,0.8500000000000001
88281c158bfffff,1.0
88281c15d5fffff,1.0
88281c8403fffff,1.0
88281cb227fffff,1.0
88281cb989fffff,1.0
88281c855bfffff,1.0
88281c8553fffff,1.0
88281c8425fffff,1.0
88281cb947fffff,1.0
88281cb90dfffff,1.0
88281cb8e7fffff,1.0
88281cb0a5fffff,0.8333333333333334
88281cb0a1fffff,0.25
88281cb0a9fffff,0.175
88281cbb39fffff,1.0
88281cbb31fffff,1.0
88281cbb2bfffff,1.0
88281cbb3dfffff,1.0
88281cbb07fffff,1.0
88281cbb23fffff,1.0
88281cbb35fffff,1.0
88281cb1c3fffff,0.875
88281cb189fffff,0.875
88281c15d9fffff,1.0
88281c14edfffff,1.0
88281c1669fffff,1.0
88281c1645fffff,1.0
88281ca267fffff,0.875
88281ca263fffff,0.625
88281ca22dfffff,0.925
88281c84a5fffff,1.0
88281c84a9fffff,1.0
88281c84a1fffff,1.0
88281caac3fffff,1.0
88281c1411fffff,1.0
88281c1415fffff,1.0
88281c1417fffff,1.0
88281c141dfffff,1.0
88281c171dfffff,1.0
88281c1757fffff,1.0
88281c1753fffff,1.0
88281c8589fffff,1.0
88281c85c3fffff,1.0
88281cb863fffff,1.0
88281cb125fffff,1.0
88281cb35dfffff,1.0
88281c8c61fffff,1.0
88281c8c67fffff,1.0
88281c8c63fffff,1.0
88281c8401fffff,0.6999999999999998
88281c8e93fffff,1.0
88281c8525fffff,1.0
88281cb8d7fffff,1.0
88281cb8d5fffff,1.0
88281cb88bfffff,1.0
88281cb19dfffff,1.0
88281caa53fffff,1.0
88281c8cd7fffff,1.0
88281c8c8bfffff,1.0
88281c8c99fffff,1.0
88281c8cd5fffff,1.0
88281c859bfffff,1.0
88281c8599fffff,1.0
88281c85d7fffff,1.0
88281c859dfffff,1.0
88281cab65fffff,1.0
88281cab61fffff,1.0
88281c15c1fffff,1.0
88281c15cdfffff,1.0
88281c15c9fffff,1.0
88281c151bfffff,1.0
88281c15c5fffff,1.0
88281c1513fffff,0.7333333333333334
88281c16e7fffff,1.0
88281c15d1fffff,1.0
88281c15ddfffff,1.0
88281c1409fffff,1.0
88281c1401fffff,1.0
88281caa89fffff,1.0
88281cb1d7fffff,1.0
88281cb199fffff,1.0
88281cb19bfffff,0.625
88281ca245fffff,0.5
88281ca247fffff,0.3333333333333333
88281ca20dfffff,0.3333333333333333
88281ca26bfffff,0.8333333333333334
88281cab17fffff,1.0
88281cab3bfffff,1.0
88281c856bfffff,1.0
88281cb953fffff,1.0
88281cbb41fffff,1.0
88281cbb45fffff,1.0
88281cb18bfffff,1.0
88281cb1d5fffff,1.0
88281c8d87fffff,1.0
88281c8d8dfffff,1.0
88281c8d8bfffff,1.0
88281c8d81fffff,1.0
88281c8d83fffff,1.0
88281c8d85fffff,0.7666666666666666
88281ca869fffff,1.0
88281c84b1fffff,1.0
88281c8487fffff,1.0
88281c84b9fffff,1.0
88281c84b5fffff,1.0
88281c84bdfffff,1.0
88281c84a3fffff,1.0
88281c84abfffff,1.0
88281ca35bfffff,0.875
88281ca225fffff,1.0
88281c85d5fffff,1.0
88281c858bfffff,1.0
88281cb981fffff,1.0
88281cb057fffff,1.0
88281cb01dfffff,1.0
88281cb98bfffff,1.0
88281cb987fffff,1.0
88281cb983fffff,1.0
88281c1715fffff,1.0
88281c170bfffff,1.0
88281c1703fffff,0.6
88281c84bbfffff,1.0
88281c84b7fffff,1.0
88281caad5fffff,1.0
88281caa8bfffff,1.0
88281c15c3fffff,1.0
88281c15cbfffff,1.0
88281c8f11fffff,1.0
88281cbb43fffff,1.0
88281c140bfffff,1.0
88281c1403fffff,1.0
88281cb963fffff,1.0
88281cb96bfffff,1.0
88281cba4bfffff,1.0
88281caaa7fffff,0.375
88281ca81bfffff,0.25
88281c8e4bfffff,1.0
88281c80b7fffff,1.0
88281c1519fffff,0.8500000000000001
88281c1511fffff,0.39999999999999997
88281caab3fffff,0.16666666666666666
88281c1407fffff,1.0
88281cb263fffff,0.75
88281c80a1fffff,0.4
88281c80a5fffff,0.8
88281c80a7fffff,1.0
88281c80a3fffff,1.0
88281c8e49fffff,1.0
88281cb34bfffff,0.5
88281c86abfffff,0.25
88281c86a1fffff,0.5
88281c86a3fffff,1.0
88281c155bfffff,1.0
88281c1553fffff,0.8500000000000001
88281cae65fffff,0.8333333333333334
88281c8559fffff,0.8
88281cbb3bfffff,1.0
88281cbb17fffff,1.0
88281c173bfffff,0.8500000000000001
88281c1717fffff,1.0
88281c80b5fffff,1.0
88281c80b1fffff,1.0
88281c8c65fffff,0.4
88281c8c6dfffff,0.8
88281c84a7fffff,1.0
88281c840dfffff,0.26666666666666666
88281ca24dfffff,0.375
88281cb0e9fffff,0.3
88281cb0e1fffff,0.6
88281cb203fffff,0.5
88281cb201fffff,0.75
88281cae61fffff,0.5
88281c8545fffff,1.0
88281c1733fffff,0.8500000000000001
88281c1559fffff,0.6
88281c1591fffff,0.6
88281c8569fffff,1.0
88281ca01dfffff,0.25
88281c8497fffff,1.0
88281cb011fffff,0.5
88281caaa3fffff,0.6666666666666666
88281ca19bfffff,0.5
88281c841dfffff,1.0
88281cba49fffff,1.0
88281c8f1dfffff,0.4
88281c8f57fffff,0.8
88281cb019fffff,0.5
88281cb053fffff,0.25
88281ca96dfffff,0.8500000000000001
88281ca8c9fffff,0.125
88281caab5fffff,0.3333333333333333
88281c8f51fffff,1.0
88281cae67fffff,0.3333333333333333
88281caf5bfffff,0.3333333333333333
88281c15e1fffff,0.6
88281c15e9fffff,0.5666666666666668
88281ca81dfffff,0.75
88281c8457fffff,0.25
88281c840bfffff,0.5
88281ca0a5fffff,0.25
88281cb233fffff,0.25
88281c80bdfffff,0.8
88281cb359fffff,0.75
88281ca82dfffff,0.6
88281cb20dfffff,0.5
88281c81d7fffff,0.4
88281ca0edfffff,0.25
88281c8097fffff,0.8
88281c8093fffff,0.4
88281ca96bfffff,0.6
88281ca947fffff,0.8500000000000001
88281c8695fffff,0.25
88281c14b1fffff,1.0
88281cb0a7fffff,0.3333333333333333
88281ca241fffff,0.16666666666666666
88281c8f5dfffff,0.4
88281c8f17fffff,0.8
88281cb265fffff,0.5
88281cb261fffff,0.25
88281c15abfffff,0.6
88281c15a9fffff,0.39999999999999997
88281c1587fffff,0.8500000000000001
88281c80bbfffff,1.0
88281ca811fffff,0.25
88281c8dabfffff,0.5
88281cae6bfffff,0.125
88281cae63fffff,0.16666666666666666
88281c80b9fffff,0.4
88281caf51fffff,0.16666666666666666
88281cb209fffff,0.25
88281cb20bfffff,0.25
88281c8465fffff,0.4
88280349b7fffff,0.25
88281c14b3fffff,0.6
88281c8debfffff,0.5
88281c00cdfffff,0.55
88281c0013fffff,0.35
88281c00c9fffff,0.55
88281c00c1fffff,0.55
88281c001bfffff,0.35
88281c00c5fffff,0.44999999999999996
88281c02a7fffff,0.44999999999999996
88281c0609fffff,0.7
88281c0657fffff,0.7
88281c0601fffff,0.7
88281c0655fffff,0.7
88281c060bfffff,0.7
88281c061dfffff,0.7
88281c0603fffff,0.7
88281c0099fffff,0.7
88281c0727fffff,0.65
88281c0091fffff,0.7
88281c0725fffff,0.65
88281c009bfffff,0.44999999999999996
88281c0093fffff,0.7
88281c054dfffff,0.44999999999999996
88281c11c9fffff,0.35
88281c1023fffff,0.35
88281c102bfffff,0.7
88281c1027fffff,0.35
88281c1035fffff,0.7
88281c1021fffff,0.35
88281c103dfffff,0.7
88281c8d21fffff,0.7
88281c8d35fffff,0.7
88281c8d27fffff,0.7
88281c12c9fffff,0.7
88281c8d2bfffff,0.7
88281c8d23fffff,0.7
88281c8d3dfffff,0.7
88281c0069fffff,0.7
88281c0061fffff,0.7
88281c0317fffff,0.7
88281c006dfffff,0.7
88281c0313fffff,0.7
88281c0045fffff,0.7
88281c006bfffff,0.7
88281c0635fffff,0.7
88281c0631fffff,0.7
88281c0639fffff,0.7
88281c0623fffff,0.7
88281c0607fffff,0.7
88281c062bfffff,0.7
88281c063dfffff,0.7
88281c3347fffff,0.5
88281c3341fffff,0.7
88281c334dfffff,0.7
88281c3369fffff,0.6
88281c336bfffff,0.4
88281c3345fffff,0.7
88281c0693fffff,0.7
88281c105dfffff,0.7
88281c1043fffff,0.7
88281c1055fffff,0.7
88281c1057fffff,0.7
88281c1051fffff,0.7
88281c100bfffff,0.7
88281c1009fffff,0.7
88281c0547fffff,0.5
88281c0509fffff,0.30000000000000004
88281c0555fffff,0.4
88281c0541fffff,0.7
88281c0543fffff,0.6
88281c054bfffff,0.7
88281c055dfffff,0.7
88281c1561fffff,0.7
88281c156bfffff,0.7
88281c156dfffff,0.35
88281c1567fffff,0.7
88281c1565fffff,0.35
88281c1563fffff,0.7
88281c1569fffff,0.7
88281c0035fffff,0.7
88281c0033fffff,0.7
88281c01cbfffff,0.7
88281c01ddfffff,0.35
88281c0037fffff,0.7
88281c0031fffff,0.7
88281c01d9fffff,0.35
88281c0007fffff,0.7
88281c002bfffff,0.7
88281c0001fffff,0.7
88281c0005fffff,0.7
88281c0029fffff,0.7
88281c000dfffff,0.7
88281c0063fffff,0.7
88281c1083fffff,0.7
88281c10abfffff,0.7
88281c1085fffff,0.7
88281c1081fffff,0.7
88281c1087fffff,0.7
88281c10b9fffff,0.7
88281c10bdfffff,0.35
88281ca9e7fffff,0.7
88281ca9a1fffff,0.7
88281ca9abfffff,0.35
88281ca9adfffff,0.7
88281ca9a9fffff,0.7
88281ca9e3fffff,0.7
88281ca985fffff,0.35
88281c0197fffff,0.1
88281c0191fffff,0.25
88281c0195fffff,0.2
88281c01bbfffff,0.05
88281c01b9fffff,0.15000000000000002
88281c019dfffff,0.35
88281c0183fffff,0.3
88281c06a3fffff,0.7
88281c06a1fffff,0.7
88281c06a5fffff,0.7
88281c06adfffff,0.7
88281c06a9fffff,0.7
88281c06a7fffff,0.6
88281c06abfffff,0.7
88281c064dfffff,0.7
88281c1597fffff,0.7
88281c1593fffff,0.7
88281c0645fffff,0.7
88281c0669fffff,0.7
88281c10bbfffff,0.35
88281c10b1fffff,0.35
88281c1095fffff,0.7
88281c0441fffff,0.7
88281c0627fffff,0.7
88281c0449fffff,0.7
88281c044dfffff,0.7
88281c044bfffff,0.7
88281c01c5fffff,0.7
88281c01ebfffff,0.35
88281c018dfffff,0.35
88281c01c7fffff,0.35
88281c01c1fffff,0.7
88281c01c3fffff,0.35
88281c0189fffff,0.35
88281ca9a5fffff,0.7
88281c06d7fffff,0.7
88281c06dbfffff,0.7
88281c06d3fffff,0.7
88281c06d1fffff,0.7
88281c0699fffff,0.7
88281c106dfffff,0.7
88281c1331fffff,0.5
88281c133bfffff,0.7
88281c1333fffff,0.35
88281c1317fffff,0.7
88281c1315fffff,0.7
88281c1339fffff,0.5
88281ca9c5fffff,0.7
88281ca9cdfffff,0.6
88281ca917fffff,0.7
88281ca913fffff,0.7
88281ca9e9fffff,0.7
88281ca911fffff,0.7
88281ca91bfffff,0.7
88281c10c7fffff,0.7
88281c10e1fffff,0.7
88281c10c5fffff,0.7
88281c108dfffff,0.7
88281c10e3fffff,0.7
88281c10ebfffff,0.7
88281c10e9fffff,0.7
88281c8de3fffff,0.35
88281c8de9fffff,0.35
88281c8de1fffff,0.35
88281c1347fffff,0.15000000000000002
88281c1343fffff,0.3
88281c130bfffff,0.7
88281c1309fffff,0.5
88281c1301fffff,0.4
88281c1355fffff,0.7
88281c130dfffff,0.2
88281c0705fffff,0.55
88281c0701fffff,0.7
88281c070dfffff,0.7
88281c072bfffff,0.75
88281c0729fffff,0.75
88281c0763fffff,0.44999999999999996
88281c0707fffff,0.44999999999999996
88281c12d1fffff,0.7
88281c1299fffff,0.7
88281c12d5fffff,0.7
88281c128bfffff,0.7
88281c12d7fffff,0.7
88281c129dfffff,0.7
88281c12d3fffff,0.7
88281c12a7fffff,0.7
88281c1019fffff,0.35
88281c12adfffff,0.7
88281c12a1fffff,0.7
88281c12a5fffff,0.7
88281c1053fffff,0.7
88281c101bfffff,0.35
88281c1745fffff,0.7
88281c129bfffff,0.7
88281c1749fffff,0.7
88281c1293fffff,0.7
88281c8da7fffff,0.7
88281c174dfffff,0.7
88281c1741fffff,0.7
88281c1247fffff,0.7
88281c1249fffff,0.15000000000000002
88281c1241fffff,0.3
88281c124bfffff,0.5
88281c1243fffff,0.7
88281c1245fffff,0.35
88281c124dfffff,0.2
88281c0207fffff,0.35
88281c0205fffff,0.2333333333333333
88281c0223fffff,0.7
88281c022bfffff,0.35
88281c023dfffff,0.7
88281c0221fffff,0.35
88281c0229fffff,0.35
88281c0559fffff,0.7
88281c0731fffff,0.7
88281c0737fffff,0.7
88281c0735fffff,0.44999999999999996
88281c0733fffff,0.7
88281c0357fffff,0.7
88281c0315fffff,0.7
88281c0311fffff,0.7
88281c030bfffff,0.7
88281c031dfffff,0.7
88281c0303fffff,0.7
88281c0319fffff,0.7
88281c02e1fffff,0.7
88281c02e3fffff,0.7
88281c02c7fffff,0.7
88281c02e9fffff,0.7
88281c02c5fffff,0.7
88281c028dfffff,0.7
88281c02ebfffff,0.7
88281c11d1fffff,0.7
88281c11d9fffff,0.7
88281c11c3fffff,0.35
88281c11ddfffff,0.35
88281c11cbfffff,0.35
88281c11d5fffff,0.35
88281c1037fffff,0.7
88281c10b7fffff,0.35
88281c024bfffff,0.35
88281c0243fffff,0.35
88281c0255fffff,0.35
88281c0259fffff,0.35
88281c025dfffff,0.35
88281c0251fffff,0.35
88281c0769fffff,0.7
88281c076bfffff,0.7
88281c0745fffff,0.7
88281c0761fffff,0.7
88281c0297fffff,0.7
88281c0293fffff,0.7
88281c076dfffff,0.7
88281c0295fffff,0.7
88281c02b1fffff,0.7
88281c0283fffff,0.7
88281c02bbfffff,0.7
88281c0287fffff,0.7
88281c02bdfffff,0.7
88281c02b9fffff,0.7
88281c1189fffff,0.35
88281c118dfffff,0.35
88281c1187fffff,0.35
88281c1181fffff,0.35
88281c118bfffff,0.35
88281c1185fffff,0.35
88281c1183fffff,0.35
88281c11a9fffff,0.35
88281c11abfffff,0.35
88281c11a1fffff,0.3
88281c11a3fffff,0.35
88281c11bdfffff,0.7
88281c0281fffff,0.7
88281c02abfffff,0.7
88281c0285fffff,0.7
88281c0765fffff,0.7
88281c0767fffff,0.55
88281c0209fffff,0.35
88281c020bfffff,0.35
88281c0257fffff,0.35
88281c0359fffff,0.7
88281c11b7fffff,0.35
88281c11b1fffff,0.7
88281c0265fffff,0.7
88281c11b3fffff,0.7
88281c026dfffff,0.7
88281c11bbfffff,0.7
88281c02c3fffff,0.7
88281c02cdfffff,0.7
88281c02c9fffff,0.7
88281c02cbfffff,0.7
88281c02c1fffff,0.7
88281c0227fffff,0.7
88281c0049fffff,0.7
88281c0235fffff,0.7
88281c8de7fffff,0.35
88281c8da9fffff,0.35
88281c10e7fffff,0.7
88281c10a9fffff,0.7
88281ca937fffff,0.35
88281c06cbfffff,0.35
88281c06c9fffff,0.35
88281c06c1fffff,0.35
88281ca935fffff,0.35
88281c06c3fffff,0.35
88281c06ddfffff,0.35
88281c15bdfffff,0.7
88281c15b9fffff,0.7
88281c15a3fffff,0.7
88281c15b1fffff,0.7
88281c15b5fffff,0.7
88281c10b3fffff,0.35
88281c10b5fffff,0.35
88281c069bfffff,0.7
88281c069dfffff,0.7
88281c0691fffff,0.7
88281c01e3fffff,0.35
88281c0185fffff,0.35
88281c0181fffff,0.35
88281c12edfffff,0.7
88281c12e9fffff,0.7
88281c1213fffff,0.7
88281c1211fffff,0.7
88281c1215fffff,0.7
88281c1217fffff,0.7
88281c123bfffff,0.7
88281c0665fffff,0.7
88281c062dfffff,0.7
88281c0629fffff,0.7
88281c0663fffff,0.7
88281c0661fffff,0.7
88281c075bfffff,0.7
88281c0667fffff,0.7
88281c1721fffff,0.7
88281c173dfffff,0.7
88281c172bfffff,0.7
88281c1735fffff,0.7
88281c1727fffff,0.7
88281c1723fffff,0.7
88281c1549fffff,0.7
88281c1737fffff,0.7
88281c155dfffff,0.7
88281c1551fffff,0.7
88281ca821fffff,0.5
88281ca825fffff,0.7
88281ca823fffff,0.2
88281ca82bfffff,0.2
88281ca827fffff,0.5
88281c0153fffff,0.7
88281c0151fffff,0.7
88281c0159fffff,0.7
88281c0065fffff,0.7
88281c002dfffff,0.7
88281c015bfffff,0.7
88281c0067fffff,0.7
88281c1227fffff,0.35
88281c131bfffff,0.7
88281c1049fffff,0.35
88281c1041fffff,0.7
88281c1045fffff,0.7
88281c104dfffff,0.7
88281c1313fffff,0.7
88281c0637fffff,0.7
88281c021bfffff,0.35
88281c1525fffff,0.35
88281c1527fffff,0.7
88281c1521fffff,0.7
88281c1523fffff,0.7
88281c0353fffff,0.7
88281c0351fffff,0.7
88281c0355fffff,0.35
88281c1709fffff,0.7
88281c8d1bfffff,0.35
88281c8d13fffff,0.35
88281c8d19fffff,0.35
88281c8d11fffff,0.35
88281c1013fffff,0.35
88281c10cdfffff,0.7
88281c1011fffff,0.35
88281c0615fffff,0.7
88281c00c7fffff,0.44999999999999996
88281c00e9fffff,0.35
88281c00ebfffff,0.7
88281c0545fffff,0.7
88281c0097fffff,0.7
88281c0569fffff,0.6
88281c105bfffff,0.7
88281c12a9fffff,0.7
88281c12e7fffff,0.7
88281c056dfffff,0.5
88281c0561fffff,0.30000000000000004
88281c00b3fffff,0.4
88281c00bbfffff,0.7
88281c0565fffff,0.2
88281ca9a7fffff,0.7
88281ca9a3fffff,0.7
88281ca939fffff,0.7
88281ca923fffff,0.35
88281ca92bfffff,0.7
88281ca93dfffff,0.7
88281ca907fffff,0.7
88281ca931fffff,0.7
88281c0445fffff,0.7
88281c0443fffff,0.7
88281c0447fffff,0.7
88281c1337fffff,0.2
88281c1159fffff,0.3
88281c1065fffff,0.35
88281ca903fffff,0.7
88281ca957fffff,0.7
88281ca901fffff,0.7
88281ca90bfffff,0.7
88281ca91dfffff,0.7
88281ca909fffff,0.7
88281c1307fffff,0.30000000000000004
88281c1303fffff,0.6
88281c1305fffff,0.1
88281c1283fffff,0.7
88281c1295fffff,0.7
88281c1291fffff,0.7
88281c120dfffff,0.35
88281c1269fffff,0.7
88281c126bfffff,0.35
88281c1261fffff,0.35
88281c1263fffff,0.2333333333333333
88281c1769fffff,0.7
88281c176bfffff,0.7
88281c1747fffff,0.7
88281c1319fffff,0.7
88281c131dfffff,0.7
88281c1311fffff,0.7
88281c0345fffff,0.2
88281c0347fffff,0.3
88281c030dfffff,0.25
88281c036bfffff,0.15000000000000002
88281c0309fffff,0.35
88281c0341fffff,0.35
88281c0343fffff,0.35
88281c1203fffff,0.7
88281c123dfffff,0.35
88281c1239fffff,0.7
88281c1231fffff,0.7
88281c1207fffff,0.7
88281ca919fffff,0.7
88281c033bfffff,0.7
88281c0339fffff,0.7
88281c1205fffff,0.2333333333333333
88281c122bfffff,0.2333333333333333
88281c1201fffff,0.7
88281c02a9fffff,0.7
88281c02e7fffff,0.7
88281c135dfffff,0.7
88281c134bfffff,0.35
88281c1341fffff,0.2
88281c0459fffff,0.7
88281c0453fffff,0.7
88281c045dfffff,0.7
88281c0457fffff,0.7
88281c0451fffff,0.7
88281c0455fffff,0.7
88281c045bfffff,0.7
88281c11d7fffff,0.7
88281c02b3fffff,0.7
88281c02b5fffff,0.44999999999999996
88281c02b7fffff,0.7
88281c0349fffff,0.35
88281c11a7fffff,0.25
88281c11b5fffff,0.35
88281c8991fffff,0.30000000000000004
88281c8995fffff,0.4
88281c8993fffff,0.25
88281c126dfffff,0.7
88281c8997fffff,0.6
88281c89bbfffff,0.7
88281c15b3fffff,0.7
88281c15b7fffff,0.7
88281c0751fffff,0.7
88281c075dfffff,0.7
88281c0759fffff,0.7
88281c0245fffff,0.35
88281c119bfffff,0.7
88281c10a7fffff,0.35
88281c0241fffff,0.35
88281c024dfffff,0.35
88281c1193fffff,0.7
88281c0249fffff,0.35
88281c0549fffff,0.55
88281c0723fffff,0.75
88281c0721fffff,0.95
88281c0219fffff,0.35
88281c0211fffff,0.35
88281c0213fffff,0.7
88281c15adfffff,0.35
88281c02dbfffff,0.35
88281c15e7fffff,0.35
88281c15e5fffff,0.7
88281c0113fffff,0.7
88281c01e9fffff,0.7
88281c0117fffff,0.7
88281c01edfffff,0.7
88281c01e1fffff,0.35
88281c10d1fffff,0.7
88281c10dbfffff,0.7
88281c10d3fffff,0.7
88281c1765fffff,0.7
88281c1767fffff,0.7
88281c172dfffff,0.7
88281c10d9fffff,0.7
88281c06c7fffff,0.35
88281c0689fffff,0.35
88281c06d5fffff,0.35
88281c074bfffff,0.7
88281c0749fffff,0.7
88281c8dadfffff,0.7
88281c8da1fffff,0.7
88281c10a1fffff,0.7
88281c10adfffff,0.7
88281c0697fffff,0.7
88281c0695fffff,0.7
88281c1595fffff,0.7
88281c0187fffff,0.25
88281c01abfffff,0.2
88281c01a9fffff,0.3
88281c1555fffff,0.7
88281c1557fffff,0.7
88281c0119fffff,0.7
88281c0025fffff,0.7
88281c0157fffff,0.7
88281ca9ebfffff,0.7
88281ca98dfffff,0.6
88281ca9e1fffff,0.7
88281c1047fffff,0.7
88281c1069fffff,0.7
88281c106bfffff,0.7
88281c0621fffff,0.7
88281c0625fffff,0.7
88281c0753fffff,0.7
88281c0047fffff,0.7
88281c0009fffff,0.7
88281c8d17fffff,0.7
88281c1017fffff,0.35
88281c00b5fffff,0.5
88281c0087fffff,0.7
88281c00a3fffff,0.7
88281c00b9fffff,0.7
88281c00b1fffff,0.6
88281c00abfffff,0.7
88281c00bdfffff,0.7
88281c00d5fffff,0.7
88281c00d7fffff,0.7
88281c008bfffff,0.7
88281c0081fffff,0.7
88281c009dfffff,0.7
88281c0083fffff,0.7
88281c0089fffff,0.7
88281c005bfffff,0.7
88281c0237fffff,0.7
88281c0233fffff,0.35
88281c02e5fffff,0.7
88281c005dfffff,0.7
88281c0059fffff,0.7
88281c0051fffff,0.7
88281c00a7fffff,0.7
88281c0e49fffff,0.5
88281c00a1fffff,0.7
88281c011bfffff,0.7
88281c0021fffff,0.7
88281c0027fffff,0.7
88281c01cdfffff,0.7
88281c01c9fffff,0.7
88281c0023fffff,0.7
88281ca965fffff,0.35
88281ca967fffff,0.35
88281ca92dfffff,0.35
88281ca961fffff,0.35
88281ca929fffff,0.35
88281c065bfffff,0.35
88281ca963fffff,0.35
88281c040dfffff,0.7
88281c0469fffff,0.7
88281c0461fffff,0.7
88281c0463fffff,0.7
88281c046bfffff,0.7
88281c1351fffff,0.7
88281c1359fffff,0.7
88281c89b7fffff,0.7
88281c00c3fffff,0.44999999999999996
88281c00ddfffff,0.7
88281c00d1fffff,0.7
88281ca915fffff,0.7
88281c0439fffff,0.2
88281c0405fffff,0.6
88281c0403fffff,0.5
88281c042bfffff,0.30000000000000004
88281c043dfffff,0.1
88281c0401fffff,0.7
88281c0407fffff,0.4
88281c12c1fffff,0.7
88281c128dfffff,0.7
88281c12c7fffff,0.7
88281c12c5fffff,0.7
88281c1289fffff,0.7
88281c12ebfffff,0.7
88281c12c3fffff,0.7
88281c12bbfffff,0.7
88281c12b9fffff,0.7
88281c1297fffff,0.7
88281c1505fffff,0.7
88281c1529fffff,0.7
88281c1507fffff,0.7
88281c152bfffff,0.7
88281c150dfffff,0.7
88281c1501fffff,0.7
88281c0611fffff,0.35
88281c0617fffff,0.7
88281c06cdfffff,0.35
88281c06e9fffff,0.35
88281c06c5fffff,0.35
88281c061bfffff,0.35
88281c0613fffff,0.35
88281c1229fffff,0.2333333333333333
88281c1267fffff,0.2333333333333333
88281c1739fffff,0.7
88281c1707fffff,0.7
88281c1731fffff,0.7
88281c1235fffff,0.35
88281c1237fffff,0.7
88281c1233fffff,0.7
88281c1007fffff,0.7
88281c1005fffff,0.7
88281c1029fffff,0.35
88281c1701fffff,0.7
88281c8d29fffff,0.7
88281c8d07fffff,0.7
88281c8d05fffff,0.7
88281c1533fffff,0.7
88281c02ddfffff,0.7
88281c1535fffff,0.7
88281c1537fffff,0.7
88281c02d9fffff,0.7
88281c1531fffff,0.7
88281c0641fffff,0.7
88281c0647fffff,0.7
88281c066bfffff,0.7
88281c0301fffff,0.7
88281c0363fffff,0.1
88281c0305fffff,0.2
88281c3349fffff,0.7
88281c1059fffff,0.7
88281c104bfffff,0.7
88281c02d1fffff,0.7
88281c02d3fffff,0.35
88281c1093fffff,0.7
88281c1545fffff,0.7
88281c1097fffff,0.7
88281c11c1fffff,0.35
88281c1113fffff,0.35
88281c11cdfffff,0.35
88281c11c5fffff,0.35
88281c111bfffff,0.35
88281c02a1fffff,0.7
88281c02adfffff,0.7
88281c10a5fffff,0.7
88281c1191fffff,0.7
88281c1199fffff,0.7
88281c0757fffff,0.7
88281c0755fffff,0.7
88281c018bfffff,0.35
88281c0199fffff,0.35
88281c01d7fffff,0.2333333333333333
88281c06e3fffff,0.35
88281c06e7fffff,0.7
88281c0685fffff,0.7
88281c0247fffff,0.35
88281c0269fffff,0.7
88281c026bfffff,0.7
88281c0217fffff,0.35
88281c10cbfffff,0.7
88281c10c1fffff,0.7
88281c10c3fffff,0.7
88281c10c9fffff,0.7
88281ca9e5fffff,0.7
88281c06d9fffff,0.7
88281c063bfffff,0.7
88281c0633fffff,0.7
88281c06e5fffff,0.7
88281c06edfffff,0.7
88281c06e1fffff,0.35
88281c01e5fffff,0.6
88281c01e7fffff,0.35
88281c10d7fffff,0.7
88281c1725fffff,0.7
88281c1099fffff,0.7
88281c06b1fffff,0.6
88281c06bbfffff,0.7
88281c336dfffff,0.5
88281c06b3fffff,0.4
88281c06b9fffff,0.7
88281c0201fffff,0.35
88281c0203fffff,0.35
88281c020dfffff,0.35
88281c15a1fffff,0.35
88281c15a5fffff,0.35
88281c0747fffff,0.7
88281c0709fffff,0.7
88281c8da5fffff,0.7
88281c8da3fffff,0.7
88281c10a3fffff,0.35
88281c068dfffff,0.35
88281c068bfffff,0.35
88281c0681fffff,0.35
88281c1541fffff,0.7
88281c154dfffff,0.7
88281c154bfffff,0.7
88281c023bfffff,0.35
88281c02edfffff,0.35
88281c0231fffff,0.35
88281c0651fffff,0.7
88281c0619fffff,0.35
88281c0653fffff,0.35
88281c8d39fffff,0.7
88281c8d31fffff,0.7
88281c0337fffff,0.7
88281c015dfffff,0.6
88281c014bfffff,0.2
88281c0141fffff,0.05
88281c0143fffff,0.30000000000000004
88281c0335fffff,0.25
88281c0149fffff,0.1
88281c110bfffff,0.05
88281c111dfffff,0.15000000000000002
88281c1119fffff,0.3
88281c1155fffff,0.1
88281c1153fffff,0.35
88281c1157fffff,0.2
88281c1151fffff,0.25
88281c1039fffff,0.7
88281c1031fffff,0.7
88281c035bfffff,0.7
88281c0261fffff,0.7
88281c0267fffff,0.35
88281c153bfffff,0.35
88281c15edfffff,0.35
88281c1515fffff,0.35
88281c1517fffff,0.35
88281c071bfffff,0.7
88281c0719fffff,0.7
88281c011dfffff,0.7
88281c0111fffff,0.7
88281c11c7fffff,0.35
88281c8d55fffff,0.30000000000000004
88281c8d57fffff,0.5
88281c8d1dfffff,0.7
88281c8d09fffff,0.4
88281c8d03fffff,0.7
88281c8d01fffff,0.7
88281c8d0bfffff,0.6
88281c0291fffff,0.7
88281c1001fffff,0.7
88281c1003fffff,0.7
88281c101dfffff,0.35
88281c00e7fffff,0.7
88281c00a9fffff,0.7
88281c01dbfffff,0.35
88281c00e5fffff,0.7
88281c00e3fffff,0.7
88281c00adfffff,0.7
88281c00e1fffff,0.7
88281c1195fffff,0.7
88281c1197fffff,0.7
88281c11b9fffff,0.7
88281c14b7fffff,0.7
88281c0659fffff,0.7
88281c00b7fffff,0.30000000000000004
88281c0e4bfffff,0.2
88281c11e5fffff,0.30000000000000004
88281c1117fffff,0.25
88281c11e9fffff,0.35
88281c113bfffff,0.1
88281c1133fffff,0.05
88281c11edfffff,0.2
88281c11e1fffff,0.3
88281c0095fffff,0.7
88281c0551fffff,0.5
88281c0053fffff,0.7
88281c0057fffff,0.7
88281c0055fffff,0.7
88281c0429fffff,0.5
88281c0467fffff,0.7
88281c1357fffff,0.7
88281c0e4dfffff,0.4
88281c0e41fffff,0.2
88281c1729fffff,0.7
88281c1705fffff,0.7
88281ca925fffff,0.35
88281ca921fffff,0.35
88281c1285fffff,0.7
88281c1281fffff,0.7
88281c12e3fffff,0.7
88281c1761fffff,0.7
88281c1763fffff,0.7
88281c125dfffff,0.7
88281c1259fffff,0.3
88281c1257fffff,0.7
88281c125bfffff,0.35
88281c1255fffff,0.7
88281c1251fffff,0.35
88281c1253fffff,0.35
88281c8d2dfffff,0.35
88281c8d65fffff,0.25
88281c8d67fffff,0.35
88281c0333fffff,0.7
88281c0331fffff,0.7
88281c122dfffff,0.2333333333333333
88281c1221fffff,0.2333333333333333
88281c0307fffff,0.3
88281c032bfffff,0.15000000000000002
88281c0329fffff,0.05
88281c1287fffff,0.7
88281c02d7fffff,0.7
88281c0299fffff,0.7
88281c11ebfffff,0.35
88281c8987fffff,0.1
88281c89b9fffff,0.5
88281c89b1fffff,0.7
88281c89bdfffff,0.5
88281c8983fffff,0.2
88281c02a3fffff,0.44999999999999996
88281c02a5fffff,0.7
88281c12b7fffff,0.7
88281c12b5fffff,0.7
88281c12bdfffff,0.7
88281c12a3fffff,0.7
88281c12b1fffff,0.7
88281c0741fffff,0.7
88281c15a7fffff,0.7
88281c074dfffff,0.7
88281c0239fffff,0.35
88281c0715fffff,0.7
88281c0713fffff,0.7
88281c0711fffff,0.7
88281c046dfffff,0.7
88281c073bfffff,0.7
88281c0717fffff,0.7
88281c12e1fffff,0.7
88281c12e5fffff,0.7
88281c021dfffff,0.35
88281c01d1fffff,0.2333333333333333
88281c10ddfffff,0.7
88281c04d9fffff,0.1
88281c3365fffff,0.2
88281c06b7fffff,0.30000000000000004
88281c1225fffff,0.35
88281c1353fffff,0.7
88281c029bfffff,0.7
88281c1091fffff,0.7
88281c109dfffff,0.7
88281c109bfffff,0.7
88281ca927fffff,0.35
88281c0683fffff,0.7
88281c0687fffff,0.7
88281c8d63fffff,0.6
88281c8d61fffff,0.4
88281c115bfffff,0.35
88281c102dfffff,0.35
88281c1061fffff,0.35
88281c1063fffff,0.35
88281c1067fffff,0.35
88281c1349fffff,0.25
88281c89b5fffff,0.7
88281c1543fffff,0.7
88281c1547fffff,0.7
88281c12cbfffff,0.7
88281c8d37fffff,0.7
88281c8d15fffff,0.7
88281c0115fffff,0.6
88281c1015fffff,0.35
88281ca9bdfffff,0.25
88281ca9b9fffff,0.1
88281ca981fffff,0.2
88281ca983fffff,0.1
88281ca987fffff,0.25
88281c01d3fffff,0.2333333333333333
88281c00a5fffff,0.7
88281c050bfffff,0.1
88281c0557fffff,0.2
88281c0041fffff,0.7
88281c004dfffff,0.7
88281c004bfffff,0.7
88281c00edfffff,0.35
88281c003bfffff,0.35
88281c0015fffff,0.35
88281c0017fffff,0.35
88281c0011fffff,0.35
88281ca93bfffff,0.7
88281ca9edfffff,0.7
88281ca933fffff,0.7
88281ca953fffff,0.7
88281ca9c7fffff,0.5
88281c042dfffff,0.4
88281c0421fffff,0.2
88281c0039fffff,0.7
88281c0003fffff,0.7
88281c001dfffff,0.35
88281c12b3fffff,0.7
88281c12abfffff,0.7
88281c1219fffff,0.7
88281c8d25fffff,0.7
88281c0043fffff,0.7
88281c1223fffff,0.35
88281c89b3fffff,0.7
88281c029dfffff,0.7
88281c119dfffff,0.7
88281c022dfffff,0.35
88281c0263fffff,0.35
88281c115dfffff,0.15000000000000002
88281c0085fffff,0.7
88281c0743fffff,0.7
88281c00d9fffff,0.7
88281c00cbfffff,0.55
88281c0215fffff,0.35
88281c01d5fffff,0.2333333333333333
88281c100dfffff,0.7
88281c1089fffff,0.7
88281c10d5fffff,0.7
88281c8d0dfffff,0.5
88281c1509fffff,0.7
88281c88b5fffff,0.2
88281c88b7fffff,0.4
88281c88b3fffff,0.30000000000000004
88281c88b1fffff,0.1
88281c06bdfffff,0.7
88281c10edfffff,0.7
88281c10e5fffff,0.7
88281c1033fffff,0.7
88281c103bfffff,0.7
88281c8dedfffff,0.7
88281c8de5fffff,0.7
88281c8d3bfffff,0.7
88281c12d9fffff,0.7
88281c8d33fffff,0.7
88281c8d6dfffff,0.2
88281c1539fffff,0.7
88281c1503fffff,0.7
88281c153dfffff,0.7
88281c060dfffff,0.7
88281c0643fffff,0.7
88281c0139fffff,0.30000000000000004
88281c013bfffff,0.5
88281c0133fffff,0.4
88281c0131fffff,0.2
88281c1025fffff,0.35
88281c06b5fffff,0.5
88281c00d3fffff,0.44999999999999996
88281c06ebfffff,0.35
88281c019bfffff,0.3
88281c0703fffff,0.7
88281c0739fffff,0.7
88281c071dfffff,0.7
88281ca98bfffff,0.05
88281ca989fffff,0.30000000000000004
88281c0419fffff,0.7
88281c035dfffff,0.35
88281c02d5fffff,0.7
88281c121bfffff,0.7
88281c121dfffff,0.7
88281c1adbfffff,0.2
88281c11e7fffff,0.5
88281c11e3fffff,0.35
88281c11adfffff,0.4
88281c0289fffff,0.7
88281c034bfffff,0.35
88281c170dfffff,0.7
88281c073dfffff,0.55
88281c0323fffff,0.1
88281c033dfffff,0.25
88281c0225fffff,0.7
88281c176dfffff,0.7
88281c04c9fffff,0.4
88281c15bbfffff,0.7
88281c108bfffff,0.7
88281c8d51fffff,0.2
88281c8d53fffff,0.4
88281c3309fffff,0.2
88281c330dfffff,0.2
88281c3343fffff,0.5
88281c0137fffff,0.1
88281c0ad9fffff,0.30000000000000004
88281c0605fffff,0.7
88281ca905fffff,0.7
88281c056bfffff,0.4
88281c003dfffff,0.7
88281c135bfffff,0.7
88281c0465fffff,0.7
88281ca90dfffff,0.7
88281c041dfffff,0.6
88281c041bfffff,0.5
88281c0411fffff,0.4
88281c12dbfffff,0.7
88281c12ddfffff,0.7
88281c1209fffff,0.7
88281ca9c3fffff,0.2
88281ca9c1fffff,0.4
88281ca9cbfffff,0.1
88281ca9c9fffff,0.30000000000000004
88281c1ad3fffff,0.1
88281c11a5fffff,0.15000000000000002
88281c028bfffff,0.7
88281c0253fffff,0.35
88281c000bfffff,0.7
88281c0019fffff,0.35
88281c031bfffff,0.7
88281c1115fffff,0.1
88281c1111fffff,0.25
88281c11dbfffff,0.7
88281c0553fffff,0.30000000000000004
88281c055bfffff,0.6
88281c008dfffff,0.7
88281c066dfffff,0.7
88281c0155fffff,0.5
88281c0e59fffff,0.1
88281c152dfffff,0.7
88281c8d47fffff,0.2
88281c8d43fffff,0.1
88281c151dfffff,0.7
88281c065dfffff,0.7
88281ca9b7fffff,0.2
88281c335dfffff,0.2
88281c334bfffff,0.35
88281c3351fffff,0.05
88281c3359fffff,0.1
88281c3355fffff,0.1
88281c0ad3fffff,0.30000000000000004
88281c01adfffff,0.5
88281c0adbfffff,0.5
88281c01a1fffff,0.15000000000000002
88281c01a5fffff,0.2
88281ca9b5fffff,0.3
88281c0409fffff,0.7
88281c0417fffff,0.1
88281c0413fffff,0.2
88281c0415fffff,0.30000000000000004
88281c1265fffff,0.7
88281c070bfffff,0.7
88281c034dfffff,0.25
88281c120bfffff,0.7
88281c11d3fffff,0.7
88281c072dfffff,0.65
88281c01bdfffff,0.1
88281c3361fffff,0.30000000000000004
88281c010bfffff,0.5
88281c0109fffff,0.2
88281c12cdfffff,0.7
88281c040bfffff,0.7
88281c8d6bfffff,0.30000000000000004
88281c064bfffff,0.7
88281c04cdfffff,0.30000000000000004
88281c04cbfffff,0.2
88281c04c1fffff,0.1
88281c0ad1fffff,0.2
88281c0ad7fffff,0.1
88281c0a99fffff,0.1
88281c150bfffff,0.7
88281c899dfffff,0.1
88281c0369fffff,0.05
88281c1a93fffff,0.1
88281ca9b1fffff,0.15000000000000002
88281c1335fffff,0.2
88281c133dfffff,0.2
88281c8d69fffff,0.1
88281c0103fffff,0.4
88281c0101fffff,0.2
88281c00dbfffff,0.44999999999999996
88281c899bfffff,0.1
88281c88a7fffff,0.05
88281c050dfffff,0.2
88281c0563fffff,0.1
88281c025bfffff,0.35
88281c0107fffff,0.1
88281c89a7fffff,0.2
88281c89a3fffff,0.4
88281c89abfffff,0.1
88281c89a1fffff,0.1
88281c1a9bfffff,0.1
88281c0193fffff,0.15000000000000002
88281c114bfffff,0.05
88281c3363fffff,0.1
88281c8d5bfffff,0.1
88281c0e45fffff,0.1
88281c1345fffff,0.05
88281c134dfffff,0.1
88281c01a3fffff,0.05
88281c0425fffff,0.1
88281ca9b3fffff,0.05
88281caec5fffff,0.8
88281caee9fffff,0.4
88281cae13fffff,0.8
88281caeebfffff,0.2
88281caecdfffff,1.0
88281caec1fffff,1.0
88281caec7fffff,0.4
88281ca563fffff,0.6000000000000001
88281ca567fffff,0.8
88281ca561fffff,0.2
88281ca529fffff,1.0
88281ca565fffff,0.4
88281ca52dfffff,1.0
88281cae5bfffff,0.6000000000000001
88281ca52bfffff,0.7
88281ca501fffff,0.4
88281ca539fffff,0.4
88281ca53dfffff,0.5
88281ca503fffff,0.2
88281ca505fffff,0.8
88281ca507fffff,0.8
88281cae53fffff,0.6000000000000001
88281ca521fffff,0.7
88281ca525fffff,1.0
88281caecbfffff,1.0
88281caec3fffff,0.6000000000000001
88281caec9fffff,0.7
88281ca50dfffff,0.2
88281ca523fffff,0.7
88281cae1bfffff,1.0
88281cae17fffff,0.2
88281cae11fffff,0.4
88281ca535fffff,0.6
88281ca531fffff,0.6000000000000001
88281ca527fffff,0.7
88281cae59fffff,0.2
88281cae51fffff,0.2
88281cae19fffff,0.4
88281ca537fffff,0.8
88281ca533fffff,0.2
88281caeddfffff,0.6000000000000001
88281caed9fffff,0.4
88281caed1fffff,0.2
88281caed5fffff,0.2
88281cb299fffff,0.0
88281cb28bfffff,0.0
88281cb2d7fffff,0.0
88281cb295fffff,0.0
88281cb291fffff,0.0
88281cb283fffff,0.0
88281cb29dfffff,0.0
88281cb297fffff,0.0
88281cb2b9fffff,0.0
88281cb2bbfffff,0.0
88281cb29bfffff,0.0
88281cb293fffff,0.0
88281cb0b1fffff,0.0
88281cb0bbfffff,0.0
88281ca259fffff,0.0
88281cb565fffff,0.0
88281cb0b7fffff,0.0
88281cb56dfffff,0.0
88281cb0b3fffff,0.0
88281cb561fffff,0.0
88281cb097fffff,0.0
88281cb569fffff,0.0
88281cb093fffff,0.0
88281cb095fffff,0.0
88281cb091fffff,0.0
88281cb0bdfffff,0.0
88281cb0b9fffff,0.0
88281cb087fffff,0.0
88281cb083fffff,0.0
88281cb09dfffff,0.0
88281c01b1fffff,0.0
88281c0f59fffff,0.0
88281c01b3fffff,0.0
88281c0f5bfffff,0.0
88281c01b7fffff,0.0
88281c0f51fffff,0.0
88281c0f5dfffff,0.0
88281c0e65fffff,0.0
88281c01a7fffff,0.0
88281c01b5fffff,0.0
88281c0f49fffff,0.0
88281c0e61fffff,0.0
88281c0e67fffff,0.0
88281c0e6dfffff,0.0
88281c0f43fffff,0.0
88281c0f55fffff,0.0
88281c0f4bfffff,0.0
88281c0e69fffff,0.0
88281c0f41fffff,0.0
88281c0e63fffff,0.0
88281c0e29fffff,0.0
88281c0e2dfffff,0.0
88281ca5e7fffff,0.0
88281ca5adfffff,0.0
88281caed3fffff,0.0
88281ca5a5fffff,0.0
88281ca5a1fffff,0.0
88281caedbfffff,0.0
88281ca5a9fffff,0.0
88281ca5e5fffff,0.0
88281c8ab9fffff,0.0
88281c8a83fffff,0.0
88281c8a8bfffff,0.0
88281c8a95fffff,0.0
88281c8a81fffff,0.0
88281c8a87fffff,0.0
88281c8a9dfffff,0.0
88281c8ac7fffff,0.0
88281c8a89fffff,0.0
88281c8ad5fffff,0.0
88281c8a8dfffff,0.0
88281c8ac3fffff,0.0
88281c8aabfffff,0.0
88281c8aa9fffff,0.0
88281c8ae3fffff,0.0
88281c8a85fffff,0.0
88281c8ad7fffff,0.0
88281c8abdfffff,0.0
88281c8aebfffff,0.0
88281c8a97fffff,0.0
88281c8f6dfffff,0.0
88281c8ab1fffff,0.0
88281c8ab3fffff,0.0
88281c8abbfffff,0.0
88281c88d9fffff,0.0
88281c8f65fffff,0.0
88281c8ab7fffff,0.0
88281c8f69fffff,0.0
88281c8f61fffff,0.0
88281c8a91fffff,0.0
88281c8a93fffff,0.0
88281c8a9bfffff,0.0
88281c8f45fffff,0.0
88281c8f4dfffff,0.0
88281c88d1fffff,0.0
88281c88ddfffff,0.0
88281c88dbfffff,0.0
88281c8f6bfffff,0.0
88281c8f67fffff,0.0
88281c8f63fffff,0.0
88281c8ab5fffff,0.0
88281c8a99fffff,0.0
88281c8f2dfffff,0.0
88281c8f29fffff,0.0
88281c8f0dfffff,0.0
88281c8f05fffff,0.0
88281cb437fffff,0.0
88281cb43dfffff,0.0
88281cb439fffff,0.0
88281cb433fffff,0.0
88281cb43bfffff,0.0
88281cb431fffff,0.0
88281cb435fffff,0.0
88281cb5cbfffff,0.0
88281cb5ddfffff,0.0
88281cb5d9fffff,0.0
88281cb5c9fffff,0.0
88281cb427fffff,0.0
88281cb423fffff,0.0
88281cb5cdfffff,0.0
88281cb5c1fffff,0.0
88281cb407fffff,0.0
88281cb42bfffff,0.0
88281cb5c3fffff,0.0
88281cb5d5fffff,0.0
88281cb5d1fffff,0.0
88281cb421fffff,0.0
88281cb5c5fffff,0.0
88281cb5c7fffff,0.0
88281cb0e3fffff,0.4
88281cb0ebfffff,0.2
88281ca249fffff,0.0
88281cb0a3fffff,0.0
88281ca209fffff,0.0
88281ca243fffff,0.0
88281cae27fffff,0.0
88281caf1bfffff,0.0
88281cae25fffff,0.0
88281cac49fffff,0.0
88281cae21fffff,0.0
88281cac4dfffff,0.0
88281cae23fffff,0.0
88281cae29fffff,0.0
88281cae2dfffff,0.0
88281caf19fffff,0.0
88281caf53fffff,0.0
88281cae05fffff,0.0
88281cae2bfffff,0.0
88281caf13fffff,0.0
88281caf11fffff,0.0
88281cae0dfffff,0.0
88281cae3dfffff,0.0
88281cae07fffff,0.0
88281cae35fffff,0.0
88281caf57fffff,0.0
88281cacd5fffff,0.0
88281cacd1fffff,0.6000000000000001
88281caeb7fffff,0.4
88281caccbfffff,0.0
88281cacd9fffff,0.8
88281cacc3fffff,0.0
88281cacddfffff,0.1
88281cac89fffff,0.0
88281cacc7fffff,0.0
88281cacc1fffff,0.0
88281cac8dfffff,0.0
88281cac8bfffff,0.0
88281cac81fffff,0.0
88281cacd7fffff,0.2
88281c3253fffff,0.0
88281c325bfffff,0.0
88281cad67fffff,0.0
88281cad29fffff,0.0
88281cad25fffff,0.0
88281cad2dfffff,0.0
88281cad21fffff,0.0
88281c3259fffff,0.0
88281c325dfffff,0.0
88281ca8b3fffff,0.0
88281c324bfffff,0.0
88281ca8b7fffff,0.0
88281ca8b5fffff,0.0
88281ca8b1fffff,0.0
88281cad61fffff,0.0
88281cad65fffff,0.0
88281cad6dfffff,0.0
88281c3251fffff,0.0
88281c3209fffff,0.0
88281c3243fffff,0.0
88281c3257fffff,0.0
88281c320bfffff,0.0
88281c3255fffff,0.0
88281ca897fffff,0.0
88281cad69fffff,0.0
88281ca8bbfffff,0.0
88281c3219fffff,0.0
88281cad27fffff,0.0
88281c321bfffff,0.0
88281cad4dfffff,0.0
88281cad45fffff,0.0
88281ca893fffff,0.0
88281ca891fffff,0.0
88281ca89bfffff,0.0
88281ca8b9fffff,0.0
88281ca8abfffff,0.0
88281ca8a3fffff,0.0
88281ca887fffff,0.0
88281ca8bdfffff,0.0
88281c3249fffff,0.0
88281c3241fffff,0.0
88281c3203fffff,0.0
88281c3201fffff,0.0
88281c321dfffff,0.0
88281ca899fffff,0.0
88281ca895fffff,0.0
88281ca89dfffff,0.0
88281cad6bfffff,0.0
88281cad2bfffff,0.0
88281cad63fffff,0.0
88281cad05fffff,0.0
88281ca883fffff,0.0
88281cad23fffff,0.0
88281ca881fffff,0.0
88281ca885fffff,0.0
88281ca8a9fffff,0.0
88281ca8a1fffff,0.0
88281ca999fffff,0.0
88281c324dfffff,0.0
88281ca8a7fffff,0.0
88281ca991fffff,0.0
88281ca8a5fffff,0.0
88281ca993fffff,0.0
88281ca99bfffff,0.0
88281c3265fffff,0.0
88281c335bfffff,0.0
88281ca9bbfffff,0.0
88281c3267fffff,0.0
88281c322dfffff,0.0
88281c3353fffff,0.0
88281c326dfffff,0.0
88281c326bfffff,0.0
88281c3263fffff,0.0
88281c3269fffff,0.0
88281c3261fffff,0.0
88281c320dfffff,0.0
88281c3229fffff,0.0
88281c3205fffff,0.0
88281c322bfffff,0.0
88281c3221fffff,0.0
88281ca997fffff,0.0
88281ca99dfffff,0.0
88281ca995fffff,0.0
88281c3225fffff,0.0
88281c3245fffff,0.0
88281c3357fffff,0.0
88281c3247fffff,0.0
88281c0361fffff,0.0
88281cae93fffff,0.8
88281ddb45fffff,0.8
88281ddb69fffff,1.0
88281cae97fffff,1.0
88281cae9bfffff,0.2
88281cae91fffff,0.4
88281ddb4dfffff,0.4
88281caeb3fffff,1.0
88281caeb9fffff,0.2
88281caeb1fffff,0.4
88281ddb6dfffff,1.0
88281cae95fffff,0.4
88281caebbfffff,0.8
88281ddb6bfffff,1.0
88281ddb41fffff,0.2
88281ddb47fffff,0.4
88281ddb65fffff,1.0
88281ddb61fffff,1.0
88281ddb29fffff,1.0
88281ddb21fffff,0.8
88281ddb23fffff,0.4
88281ddb07fffff,0.4
88281ddb2bfffff,0.8
88281ddb3dfffff,0.2
88281ddb05fffff,0.8
88281ddb2dfffff,1.0
88281ddb67fffff,1.0
88281cacdbfffff,1.0
88281ddb63fffff,1.0
88281ddb01fffff,0.2
88281ddb0dfffff,0.6000000000000001
88281ddb25fffff,0.6000000000000001
88281cacd3fffff,0.6000000000000001
88281cac99fffff,0.2
88281ddb27fffff,0.2
88281c1107fffff,0.0
88281c1139fffff,0.0
88281c1101fffff,0.0
88281c1103fffff,0.0
88281c1143fffff,0.0
88281c1131fffff,0.0
88281c113dfffff,0.0
88281c1135fffff,0.0
88281c1137fffff,0.0
88281c1109fffff,0.0
88281c1141fffff,0.0
88281c1147fffff,0.0
88281c110dfffff,0.0
88281c0321fffff,0.0
88281c014dfffff,0.0
88281c0327fffff,0.0
88281c0325fffff,0.0
88281c189bfffff,0.0
88281c032dfffff,0.0
88281c8f47fffff,0.0
88281c8f09fffff,0.0
88281c8f01fffff,0.0
88281c8f2bfffff,0.0
88281c8f07fffff,0.0
88281caab7fffff,0.0
88281ca8cdfffff,0.0
88281c88d3fffff,0.0
88281c88d5fffff,0.0
88281c88d7fffff,0.0
88281c8f21fffff,0.0
88281c8f25fffff,0.0
88281cac19fffff,0.0
88281cac15fffff,0.0
88281cac11fffff,0.0
88281cac57fffff,0.0
88281cac1dfffff,0.0
88281cac03fffff,0.0
88281cac0bfffff,0.0
88281cac55fffff,0.0
88281cac51fffff,0.0
88281cac5bfffff,0.0
88281cac53fffff,0.0
88281cac5dfffff,0.0
88281cac59fffff,0.0
88281cac01fffff,0.0
88281cac09fffff,0.0
88281cac17fffff,0.0
88281cac13fffff,0.0
88281cac1bfffff,0.0
88281caea5fffff,0.0
88281caeadfffff,0.0
88281cac4bfffff,0.0
88281cac41fffff,0.0
88281cac43fffff,0.0
88281cac47fffff,0.0
88281cac39fffff,0.0
88281cac07fffff,0.0
88281cac3bfffff,0.0
88281ca9d9fffff,0.0
88281ca833fffff,0.0
88281ca9dbfffff,0.0
88281ca8e5fffff,0.0
88281ca837fffff,0.0
88281ca9ddfffff,0.0
88281ca9d1fffff,0.0
88281cb40dfffff,0.0
88281cb429fffff,0.0
88281cb463fffff,0.0
88281cb405fffff,0.0
88281cb401fffff,0.0
88281cb0d9fffff,0.0
88281cb0cbfffff,0.0
88281cb0ddfffff,0.0
88281cb2b7fffff,0.0
88281cb0d5fffff,0.0
88281cb0c3fffff,0.0
88281cb0d1fffff,0.0
88281cb411fffff,0.0
88281cb403fffff,0.0
88281cb417fffff,0.0
88281cb41dfffff,0.0
88281cb415fffff,0.0
88281cb637fffff,0.0
88281cb63dfffff,0.0
88281cb635fffff,0.0
88281cb44bfffff,0.0
88281cb623fffff,0.0
88281cb631fffff,0.0
88281cb449fffff,0.0
88281c8981fffff,0.0
88281c89a9fffff,0.0
88281c898dfffff,0.0
88281c8985fffff,0.0
88281c89e3fffff,0.0
88281cb085fffff,0.0
88281cb0abfffff,0.0
88281dda21fffff,0.0
88281dda07fffff,0.0
88281dda29fffff,0.0
88281dda3dfffff,0.0
88281dda23fffff,0.0
88281dda2bfffff,0.0
88281dda05fffff,0.0
88281c8f3dfffff,0.0
88281c8f23fffff,0.0
88281c88a1fffff,0.0
88281c88a5fffff,0.0
88281c88a3fffff,0.0
88281c89c9fffff,0.0
88281c8835fffff,0.0
88281c883dfffff,0.0
88281c8823fffff,0.0
88281c8837fffff,0.0
88281c8831fffff,0.0
88281c89cbfffff,0.0
88281caf23fffff,0.0
88281cad49fffff,0.0
88281caf2bfffff,0.0
88281caf27fffff,0.0
88281caf21fffff,0.0
88281caf35fffff,0.0
88281caf3dfffff,0.0
88281dda27fffff,0.0
88281ddb11fffff,0.0
88281dda25fffff,0.0
88281ddb13fffff,0.0
88281ddb19fffff,0.0
88281dd84dfffff,0.0
88281ddb1bfffff,0.0
88281ca813fffff,0.0
88281ca8c1fffff,0.0
88281ca8c5fffff,0.0
88281cb2a7fffff,0.0
88281cb01bfffff,0.0
88281cb2a1fffff,0.0
88281cb2a5fffff,0.0
88281cb2a3fffff,0.0
88281cb0cdfffff,0.0
88281cb0c9fffff,0.0
88281cae43fffff,0.0
88281cae09fffff,0.0
88281cae47fffff,0.0
88281cae45fffff,0.0
88281cae41fffff,0.0
